Workbook

Sheet How to update
A1: Labour Market Statistics Briefing — April 2026
A3: HOW TO UPDATE THIS WORKBOOK
A4: ----------------------------
A5: This workbook is auto-generated from ONS source datasets.
A6: To update, download the latest files from ONS and upload them via the app.
A8: Required: A01, HR1, X09, RTISA
A9: Optional: CLA01, X02, OECD (3 files)
A11: LFS period: Dec-Feb 2026
A12: Comparison periods: vs Sep-Nov 2025 | vs Dec-Feb 2025 | vs Dec-Feb 2020 | vs Apr-Jun 2024

Sheet Data links
A1: Sheet | B1: Source
A2: 1. Payrolled employees (UK) | B2: RTISA
A3: 23. Employees Industry | B3: RTISA
A4: 2 | B4: A01
A5: 5 | B5: A01
A6: 10 | B6: A01
A7: 11 | B7: A01
A8: 13 | B8: A01
A9: 15 | B9: A01
A10: 18 | B10: A01
A11: 19 | B11: A01
A12: 20 | B12: A01
... A21: Regional breakdowns | B21: A01

Sheet Dashboard
B1: Labour Market Dashboard — April 2026
B2: LFS period: Dec-Feb 2026
B5: Key Metrics | D5: Current | E5: Change on quarter | F5: Change on year | G5: Change since Covid | H5: Change since election
B6: Employment (000s) 16+ | D6: ='2'!B5 | E6: ='2'!B6 | F6: ='2'!B7 | G6: ='2'!B8 | H6: ='2'!B10
B7: Employment rate (16-64) | D7: ='2'!K5/100 | E7: ='2'!K6 | F7: ='2'!K7 | G7: ='2'!K8 | H7: ='2'!K10
B8: Unemployment, 16+ (000s) | D8: ='2'!D5 | E8: ='2'!D6 | F8: ='2'!D7 | G8: ='2'!D8 | H8: ='2'!D10
B9: Unemployment rate, 16+ | D9: ='2'!E5/100 | E9: ='2'!E6 | F9: ='2'!E7 | G9: ='2'!E8 | H9: ='2'!E10
B10: Economic inactivity (000s) (16-64) | D10: ='2'!P5 | E10: ='2'!P6 | F10: ='2'!P7 | G10: ='2'!P8 | H10: ='2'!P10
B11: Economic inactivity rate (16-64) | D11: ='2'!Q5/100 | E11: ='2'!Q6 | F11: ='2'!Q7 | G11: ='2'!Q8 | H11: ='2'!Q10
B12: 50-64s inactivity (000s) | D12: ='2'!BD5 | E12: ='2'!BD6 | F12: ='2'!BD7 | G12: ='2'!BD8 | H12: ='2'!BD10
B13: 50-64s inactivity rate | D13: ='2'!BE5/100 | E13: ='2'!BE6 | F13: ='2'!BE7 | G13: ='2'!BE8 | H13: ='2'!BE10
B14: Payrolled employees (000s) | D14: ='1. Payrolled employees (UK)'!B2 | E14: ='1. Payrolled employees (UK)'!D2 | F14: ='1. Payrolled employees (UK)'!E2 | G14: ='1. Payrolled employees (UK)'!G2 | H14: ='1. Payrolled employees (UK)'!H2
B15: Vacancies (000s) | D15: ='20'!B2 | E15: ='20'!B3 | F15: ='20'!B4 | G15: ='20'!B5 | H15: ='20'!B6
B16: Wage growth, total pay (yearly %) | D16: ='13'!D4/100 | E16: ='13'!D5 | F16: ='13'!D6 | G16: ='13'!D7 | H16: ='13'!D8
B17: Wage growth, CPI-adjusted (yearly %) | D17: ='AWE Real_CPI'!C2/100 | E17: ='AWE Real_CPI'!C3 | F17: ='AWE Real_CPI'!C4 | G17: ='AWE Real_CPI'!C5 | H17: ='AWE Real_CPI'!C8

Sheet 1. Payrolled employees (UK)
B1: Current | C1: Change on month (singular) | D1: Change on quarter | E1: Change year on year (3 month average) | F1: Change year on year (singular) | G1: Change since Covid-19 | H1: Change since 2024 election | I1: Change since coming into office | J1: Change since start of the year | K1: Max
A2: Number | B2: =AVERAGE(OFFSET(INDEX($B$11:$B$1048576,COUNT($B$11:$B$1048576)),-2,0,3,1)) | C2: =INDEX($B$11:$B$1048576,COUNT($B$11:$B$1048576))-INDEX($B$11:$B$1048576,COUNT($B$11:$B$1048576)-1) | D2: =AVERAGE(OFFSET(INDEX($B$11:$B$1048576,COUNT($B$11:$B$1048576)),-2,0,3,1))-AVERAGE(OFFSET(INDEX($B$11:$B$1048576,COUNT($B$11:$B$1048576)),-5,0,3,1)) | E2: =AVERAGE(OFFSET(INDEX($B$11:$B$1048576,COUNT($B$11:$B$1048576)),-2,0,3,1))-AVERAGE(OFFSET(INDEX($B$11:$B$1048576,COUNT($B$11:$B$1048576)),-14,0,3,1)) | F2: =INDEX($B$11:$B$1048576,COUNT($B$11:$B$1048576))-INDEX($B$11:$B$1048576,COUNT($B$11:$B$1048576)-12) | G2: =AVERAGE(OFFSET(INDEX($B$11:$B$1048576,COUNT($B$11:$B$1048576)),-2,0,3,1))-AVERAGE($B$76:$B$78) | H2: =AVERAGE(OFFSET(INDEX($B$11:$B$1048576,COUNT($B$11:$B$1048576)),-2,0,3,1))-AVERAGE($B$128:$B$130) | I2: =INDEX($B$11:$B$1048576,COUNT($B$11:$B$1048576))-$B$130 | J2: =INDEX(B$11:B$1048576,COUNT(B$11:B$1048576))-_xlfn.XLOOKUP("January "&TEXT(TODAY(),"yyyy"),A$11:A$1048576,B$11:B$1048576) | K2: =MAX($B$11:$B$1048576)
A3: % | C3: =IFERROR(INDEX($B$11:$B$1048576,COUNT($B$11:$B$1048576))/INDEX($B$11:$B$1048576,COUNT($B$11:$B$1048576)-1)-1,"") | D3: =IFERROR(AVERAGE(OFFSET(INDEX($B$11:$B$1048576,COUNT($B$11:$B$1048576)),-2,0,3,1))/AVERAGE(OFFSET(INDEX($B$11:$B$1048576,COUNT($B$11:$B$1048576)),-5,0,3,1))-1,"") | E3: =IFERROR(AVERAGE(OFFSET(INDEX($B$11:$B$1048576,COUNT($B$11:$B$1048576)),-2,0,3,1))/AVERAGE(OFFSET(INDEX($B$11:$B$1048576,COUNT($B$11:$B$1048576)),-14,0,3,1))-1,"") | F3: =IFERROR(INDEX($B$11:$B$1048576,COUNT($B$11:$B$1048576))/INDEX($B$11:$B$1048576,COUNT($B$11:$B$1048576)-12)-1,"") | G3: =IFERROR(INDEX($B$11:$B$1048576,COUNT($B$11:$B$1048576))/AVERAGE($B$76:$B$78)-1,"") | H3: =IFERROR(AVERAGE(OFFSET(INDEX($B$11:$B$1048576,COUNT($B$11:$B$1048576)),-2,0,3,1))/AVERAGE($B$128:$B$130)-1,"") | I3: =IFERROR(INDEX($B$11:$B$1048576,COUNT($B$11:$B$1048576))/$B$130-1,"") | J3: =IFERROR(INDEX(B$11:B$1048576,COUNT(B$11:B$1048576))/_xlfn.XLOOKUP("January "&TEXT(TODAY(),"yyyy"),A$11:A$1048576,B$11:B$1048576)-1,"")
A5: 1. Payrolled employee counts from PAYE RTI
A6: UK, all industries, seasonally adjusted
A8: Units | B8: Payrolled employees
A10: Date | B10: Payrolled employees | C10: Change on previous month
A11: July 2014 | B11: 26762070
A12: August 2014 | B12: 26837205 | C12: 75135
A13: September 2014 | B13: 26892054 | C13: 54849
A14: October 2014 | B14: 26906086 | C14: 14032
A15: November 2014 | B15: 27001141 | C15: 95055
A16: December 2014 | B16: 26998102 | C16: -3039
A17: January 2015 | B17: 27157666 | C17: 159564
A18: February 2015 | B18: 27214594 | C18: 56928
A19: March 2015 | B19: 27294638 | C19: 80044
A20: April 2015 | B20: 27340711 | C20: 46073
A21: May 2015 | B21: 27398943 | C21: 58232
A22: June 2015 | B22: 27461266 | C22: 62323
A23: July 2015 | B23: 27519220 | C23: 57954
... A151: March 2026 | B151: 30313223 | C151: -10998

Sheet 23. Employees Industry
A1: Yearly change
A2: Number | B2: =INDEX(B$12:B$1048576,COUNT(B$12:B$1048576))-INDEX(B$12:B$1048576,COUNT(B$12:B$1048576)-12) | C2: =INDEX(C$12:C$1048576,COUNT(C$12:C$1048576))-INDEX(C$12:C$1048576,COUNT(C$12:C$1048576)-12) | D2: =INDEX(D$12:D$1048576,COUNT(D$12:D$1048576))-INDEX(D$12:D$1048576,COUNT(D$12:D$1048576)-12) | E2: =INDEX(E$12:E$1048576,COUNT(E$12:E$1048576))-INDEX(E$12:E$1048576,COUNT(E$12:E$1048576)-12) | F2: =INDEX(F$12:F$1048576,COUNT(F$12:F$1048576))-INDEX(F$12:F$1048576,COUNT(F$12:F$1048576)-12) | G2: =INDEX(G$12:G$1048576,COUNT(G$12:G$1048576))-INDEX(G$12:G$1048576,COUNT(G$12:G$1048576)-12) | H2: =INDEX(H$12:H$1048576,COUNT(H$12:H$1048576))-INDEX(H$12:H$1048576,COUNT(H$12:H$1048576)-12) | I2: =INDEX(I$12:I$1048576,COUNT(I$12:I$1048576))-INDEX(I$12:I$1048576,COUNT(I$12:I$1048576)-12) | ... U2: =INDEX(U$12:U$1048576,COUNT(U$12:U$1048576))-INDEX(U$12:U$1048576,COUNT(U$12:U$1048576)-12)
A3: % | B3: =IFERROR(INDEX(B$12:B$1048576,COUNT(B$12:B$1048576))/INDEX(B$12:B$1048576,COUNT(B$12:B$1048576)-12)-1,"") | C3: =IFERROR(INDEX(C$12:C$1048576,COUNT(C$12:C$1048576))/INDEX(C$12:C$1048576,COUNT(C$12:C$1048576)-12)-1,"") | D3: =IFERROR(INDEX(D$12:D$1048576,COUNT(D$12:D$1048576))/INDEX(D$12:D$1048576,COUNT(D$12:D$1048576)-12)-1,"") | E3: =IFERROR(INDEX(E$12:E$1048576,COUNT(E$12:E$1048576))/INDEX(E$12:E$1048576,COUNT(E$12:E$1048576)-12)-1,"") | F3: =IFERROR(INDEX(F$12:F$1048576,COUNT(F$12:F$1048576))/INDEX(F$12:F$1048576,COUNT(F$12:F$1048576)-12)-1,"") | G3: =IFERROR(INDEX(G$12:G$1048576,COUNT(G$12:G$1048576))/INDEX(G$12:G$1048576,COUNT(G$12:G$1048576)-12)-1,"") | H3: =IFERROR(INDEX(H$12:H$1048576,COUNT(H$12:H$1048576))/INDEX(H$12:H$1048576,COUNT(H$12:H$1048576)-12)-1,"") | I3: =IFERROR(INDEX(I$12:I$1048576,COUNT(I$12:I$1048576))/INDEX(I$12:I$1048576,COUNT(I$12:I$1048576)-12)-1,"") | ... U3: =IFERROR(INDEX(U$12:U$1048576,COUNT(U$12:U$1048576))/INDEX(U$12:U$1048576,COUNT(U$12:U$1048576)-12)-1,"")
A4: Rank | B4: =RANK(B2,$B$2:$U$2) | C4: =RANK(C2,$B$2:$U$2) | D4: =RANK(D2,$B$2:$U$2) | E4: =RANK(E2,$B$2:$U$2) | F4: =RANK(F2,$B$2:$U$2) | G4: =RANK(G2,$B$2:$U$2) | H4: =RANK(H2,$B$2:$U$2) | I4: =RANK(I2,$B$2:$U$2) | ... U4: =RANK(U2,$B$2:$U$2)
A5: 23. Payrolled employees from PAYE RTI
A6: UK, seasonally adjusted
A8: Units | B8: Payrolled employees
B10: A | C10: B | D10: C | E10: D | F10: E | G10: F | H10: G | I10: H | J10: I | K10: J | L10: K | M10: L | N10: M | O10: N | P10: O | Q10: P | R10: Q | S10: R | T10: S | U10: T-U
A11: Date | B11: Agriculture, forestry and fishing | C11: Mining and quarrying | D11: Manufacturing | E11: Energy production and supply | F11: Water supply, sewerage and waste | G11: Construction | H11: Wholesale and retail; repair of motor vehicles | I11: Transportation and storage | J11: Accommodation and food service activities | K11: Information and communication | L11: Finance and insurance | M11: Real estate | N11: Professional, scientific and technical | O11: Administrative and support services | P11: Public administration and defence; social security | Q11: Education | R11: Health and social work | S11: Arts, entertainment and recreation | T11: Other service activities | U11: Households and Extraterritorial | V11: UK
A12: July 2014 | B12: 177905 | C12: 58306 | D12: 2336052 | E12: 92938 | F12: 155653 | G12: 1081413 | H12: 4255550 | I12: 1164524 | J12: 1758754 | K12: 1060891 | L12: 1054669 | M12: 401252 | N12: 1934872 | O12: 2230091 | P12: 1588026 | Q12: 2879238 | R12: 3429041 | S12: 520159 | T12: 486201 | U12: 96537 | V12: 26762070
A13: August 2014 | B13: 178180 | C13: 58484 | D13: 2340517 | E13: 92979 | F13: 155943 | G13: 1087982 | H13: 4264829 | I13: 1166001 | J13: 1767021 | K13: 1066648 | L13: 1055799 | M13: 401901 | N13: 1943607 | O13: 2250287 | P13: 1584799 | Q13: 2881483 | R13: 3435588 | S13: 521090 | T13: 487130 | U13: 96936 | V13: 26837205
A14: September 2014 | B14: 177494 | C14: 58691 | D14: 2346052 | E14: 92856 | F14: 156176 | G14: 1093234 | H14: 4271408 | I14: 1169428 | J14: 1775329 | K14: 1069863 | L14: 1057120 | M14: 402426 | N14: 1950602 | O14: 2247564 | P14: 1583928 | Q14: 2894225 | R14: 3438541 | S14: 521052 | T14: 488579 | U14: 97489 | V14: 26892054
A15: October 2014 | B15: 176018 | C15: 58672 | D15: 2347340 | E15: 92877 | F15: 156254 | G15: 1097390 | H15: 4272943 | I15: 1168761 | J15: 1779285 | K15: 1071191 | L15: 1056135 | M15: 402328 | N15: 1957514 | O15: 2250075 | P15: 1578416 | Q15: 2891538 | R15: 3438165 | S15: 523608 | T15: 489880 | U15: 97697 | V15: 26906086
A16: November 2014 | B16: 177004 | C16: 58747 | D16: 2355053 | E16: 93184 | F16: 156820 | G16: 1104607 | H16: 4289884 | I16: 1173417 | J16: 1789604 | K16: 1075712 | L16: 1058116 | M16: 403231 | N16: 1968668 | O16: 2259129 | P16: 1578001 | Q16: 2895543 | R16: 3448233 | S16: 526446 | T16: 491728 | U16: 98014 | V16: 27001141
A17: December 2014 | B17: 178028 | C17: 58380 | D17: 2317793 | E17: 93448 | F17: 156531 | G17: 1084437 | H17: 4307031 | I17: 1176343 | J17: 1794010 | K17: 1079437 | L17: 1058436 | M17: 403684 | N17: 1973514 | O17: 2266342 | P17: 1575786 | Q17: 2898726 | R17: 3456590 | S17: 528658 | T17: 492349 | U17: 98579 | V17: 26998102
A18: January 2015 | B18: 178600 | C18: 58457 | D18: 2359234 | E18: 93627 | F18: 157925 | G18: 1117642 | H18: 4325826 | I18: 1183725 | J18: 1805841 | K18: 1083137 | L18: 1060570 | M18: 405181 | N18: 1980780 | O18: 2279872 | P18: 1573698 | Q18: 2901637 | R18: 3468005 | S18: 530458 | T18: 494310 | U18: 99141 | V18: 27157666
A19: February 2015 | B19: 178624 | C19: 57879 | D19: 2364860 | E19: 93783 | F19: 158503 | G19: 1119841 | H19: 4335869 | I19: 1187744 | J19: 1807212 | K19: 1089447 | L19: 1061208 | M19: 405418 | N19: 1992971 | O19: 2288608 | P19: 1569119 | Q19: 2901214 | R19: 3474682 | S19: 532886 | T19: 495252 | U19: 99475 | V19: 27214594
A20: March 2015 | B20: 178988 | C20: 57635 | D20: 2367783 | E20: 94098 | F20: 158989 | G20: 1126159 | H20: 4347775 | I20: 1191463 | J20: 1815664 | K20: 1095629 | L20: 1062995 | M20: 406725 | N20: 2007943 | O20: 2301189 | P20: 1565262 | Q20: 2903134 | R20: 3482036 | S20: 534449 | T20: 496799 | U20: 99923 | V20: 27294638
A21: April 2015 | B21: 179860 | C21: 55899 | D21: 2370415 | E21: 92724 | F21: 158858 | G21: 1132000 | H21: 4341305 | I21: 1189292 | J21: 1829415 | K21: 1095865 | L21: 1074648 | M21: 408259 | N21: 2020572 | O21: 2292370 | P21: 1563199 | Q21: 2904130 | R21: 3497750 | S21: 535839 | T21: 497825 | U21: 100485 | V21: 27340711
A22: May 2015 | B22: 180608 | C22: 55444 | D22: 2370526 | E22: 93200 | F22: 159167 | G22: 1136822 | H22: 4351429 | I22: 1192338 | J22: 1838830 | K22: 1099677 | L22: 1075094 | M22: 408925 | N22: 2027850 | O22: 2295493 | P22: 1569714 | Q22: 2900554 | R22: 3504924 | S22: 538603 | T22: 498651 | U22: 101093 | V22: 27398943
A23: June 2015 | B23: 181682 | C23: 54873 | D23: 2375653 | E23: 93848 | F23: 160026 | G23: 1143864 | H23: 4365770 | I23: 1198259 | J23: 1850135 | K23: 1105706 | L23: 1079138 | M23: 410609 | N23: 2037615 | O23: 2293713 | P23: 1548741 | Q23: 2903586 | R23: 3517911 | S23: 541967 | T23: 499528 | U23: 98640 | V23: 27461266
... A152: March 2026 | B152: 196326 | C152: 42797 | D152: 2293599 | E152: 122175 | F152: 214160 | G152: 1335085 | H152: 4247591 | I152: 1410806 | J152: 2130040 | K152: 1253910 | L152: 1113420 | M152: 478212 | N152: 2474486 | O152: 2395366 | P152: 1597090 | Q152: 3175642 | R152: 4522066 | S152: 647452 | T152: 547925 | U152: 115075 | V152: 30313223

Sheet 2
A1: LFS: Employment, unemployment and inactivity by age group
B2: Aged 16 and over | J2: Aged 16-64 | R2: Aged 16-17 | Z2: Aged 18-24 | AH2: Aged 25-34 | AP2: Aged 35-49 | AX2: Aged 50-64
B3: Employment | D3: Unemployment | F3: Activity | H3: Inactivity | J3: Employment | L3: Unemployment | N3: Activity | P3: Inactivity | R3: Employment | T3: Unemployment | V3: Activity | X3: Inactivity | Z3: Employment | AB3: Unemployment | AD3: Activity | AF3: Inactivity | AH3: Employment | AJ3: Unemployment | AL3: Activity | AN3: Inactivity | AP3: Employment | AR3: Unemployment | AT3: Activity | AV3: Inactivity | AX3: Employment | AZ3: Unemployment | BB3: Activity | BD3: Inactivity
B4: level | C4: rate (%) | D4: level | E4: rate (%) | F4: level | G4: rate (%) | H4: level | I4: rate (%) | J4: level | K4: rate (%) | L4: level | M4: rate (%) | N4: level | O4: rate (%) | P4: level | Q4: rate (%) | R4: level | S4: rate (%) | T4: level | U4: rate (%) | V4: level | W4: rate (%) | X4: level | Y4: rate (%) | Z4: level | AA4: rate (%) | AB4: level | AC4: rate (%) | AD4: level | AE4: rate (%) | AF4: level | AG4: rate (%) | AH4: level | AI4: rate (%) | AJ4: level | AK4: rate (%) | AL4: level | AM4: rate (%) | AN4: level | AO4: rate (%) | AP4: level | AQ4: rate (%) | AR4: level | AS4: rate (%) | AT4: level | AU4: rate (%) | AV4: level | AW4: rate (%) | AX4: level | AY4: rate (%) | AZ4: level | BA4: rate (%) | BB4: level | BC4: rate (%) | BD4: level | BE4: rate (%) | BF4: level | BG4: rate (%) | BH4: level | BI4: rate (%) | BJ4: level | BK4: rate (%) | BL4: level | BM4: rate (%)
A5: Current | B5: =INDEX(B$19:B$1048576,COUNT(B$19:B$1048576)) | C5: =INDEX(C$19:C$1048576,COUNT(C$19:C$1048576)) | D5: =INDEX(D$19:D$1048576,COUNT(D$19:D$1048576)) | E5: =INDEX(E$19:E$1048576,COUNT(E$19:E$1048576)) | F5: =INDEX(F$19:F$1048576,COUNT(F$19:F$1048576)) | G5: =INDEX(G$19:G$1048576,COUNT(G$19:G$1048576)) | H5: =INDEX(H$19:H$1048576,COUNT(H$19:H$1048576)) | I5: =INDEX(I$19:I$1048576,COUNT(I$19:I$1048576)) | ... BM5: =INDEX(BM$19:BM$1048576,COUNT(BM$19:BM$1048576))
A6: Quarterly change | B6: =INDEX(B$19:B$1048576,COUNT(B$19:B$1048576))-INDEX(B$19:B$1048576,COUNT(B$19:B$1048576)-3) | C6: =INDEX(C$19:C$1048576,COUNT(C$19:C$1048576))-INDEX(C$19:C$1048576,COUNT(C$19:C$1048576)-3) | D6: =INDEX(D$19:D$1048576,COUNT(D$19:D$1048576))-INDEX(D$19:D$1048576,COUNT(D$19:D$1048576)-3) | E6: =INDEX(E$19:E$1048576,COUNT(E$19:E$1048576))-INDEX(E$19:E$1048576,COUNT(E$19:E$1048576)-3) | F6: =INDEX(F$19:F$1048576,COUNT(F$19:F$1048576))-INDEX(F$19:F$1048576,COUNT(F$19:F$1048576)-3) | G6: =INDEX(G$19:G$1048576,COUNT(G$19:G$1048576))-INDEX(G$19:G$1048576,COUNT(G$19:G$1048576)-3) | H6: =INDEX(H$19:H$1048576,COUNT(H$19:H$1048576))-INDEX(H$19:H$1048576,COUNT(H$19:H$1048576)-3) | I6: =INDEX(I$19:I$1048576,COUNT(I$19:I$1048576))-INDEX(I$19:I$1048576,COUNT(I$19:I$1048576)-3) | ... BM6: =INDEX(BM$19:BM$1048576,COUNT(BM$19:BM$1048576))-INDEX(BM$19:BM$1048576,COUNT(BM$19:BM$1048576)-3)
A7: Change year on year | B7: =INDEX(B$19:B$1048576,COUNT(B$19:B$1048576))-INDEX(B$19:B$1048576,COUNT(B$19:B$1048576)-12) | C7: =INDEX(C$19:C$1048576,COUNT(C$19:C$1048576))-INDEX(C$19:C$1048576,COUNT(C$19:C$1048576)-12) | D7: =INDEX(D$19:D$1048576,COUNT(D$19:D$1048576))-INDEX(D$19:D$1048576,COUNT(D$19:D$1048576)-12) | E7: =INDEX(E$19:E$1048576,COUNT(E$19:E$1048576))-INDEX(E$19:E$1048576,COUNT(E$19:E$1048576)-12) | F7: =INDEX(F$19:F$1048576,COUNT(F$19:F$1048576))-INDEX(F$19:F$1048576,COUNT(F$19:F$1048576)-12) | G7: =INDEX(G$19:G$1048576,COUNT(G$19:G$1048576))-INDEX(G$19:G$1048576,COUNT(G$19:G$1048576)-12) | H7: =INDEX(H$19:H$1048576,COUNT(H$19:H$1048576))-INDEX(H$19:H$1048576,COUNT(H$19:H$1048576)-12) | I7: =INDEX(I$19:I$1048576,COUNT(I$19:I$1048576))-INDEX(I$19:I$1048576,COUNT(I$19:I$1048576)-12) | ... BM7: =INDEX(BM$19:BM$1048576,COUNT(BM$19:BM$1048576))-INDEX(BM$19:BM$1048576,COUNT(BM$19:BM$1048576)-12)
A8: Change since Covid (Dec 19-Feb 20) | B8: =INDEX(B$19:B$1048576,COUNT(B$19:B$1048576))-B$352 | C8: =INDEX(C$19:C$1048576,COUNT(C$19:C$1048576))-C$352 | D8: =INDEX(D$19:D$1048576,COUNT(D$19:D$1048576))-D$352 | E8: =INDEX(E$19:E$1048576,COUNT(E$19:E$1048576))-E$352 | F8: =INDEX(F$19:F$1048576,COUNT(F$19:F$1048576))-F$352 | G8: =INDEX(G$19:G$1048576,COUNT(G$19:G$1048576))-G$352 | H8: =INDEX(H$19:H$1048576,COUNT(H$19:H$1048576))-H$352 | I8: =INDEX(I$19:I$1048576,COUNT(I$19:I$1048576))-I$352 | ... BM8: =INDEX(BM$19:BM$1048576,COUNT(BM$19:BM$1048576))-BM$352
A9: Change since 2010 election | B9: =INDEX(B$19:B$1048576,COUNT(B$19:B$1048576))-B$234 | C9: =INDEX(C$19:C$1048576,COUNT(C$19:C$1048576))-C$234 | D9: =INDEX(D$19:D$1048576,COUNT(D$19:D$1048576))-D$234 | E9: =INDEX(E$19:E$1048576,COUNT(E$19:E$1048576))-E$234 | F9: =INDEX(F$19:F$1048576,COUNT(F$19:F$1048576))-F$234 | G9: =INDEX(G$19:G$1048576,COUNT(G$19:G$1048576))-G$234 | H9: =INDEX(H$19:H$1048576,COUNT(H$19:H$1048576))-H$234 | I9: =INDEX(I$19:I$1048576,COUNT(I$19:I$1048576))-I$234 | ... BM9: =INDEX(BM$19:BM$1048576,COUNT(BM$19:BM$1048576))-BM$234
A10: Change since 2024 election | B10: =INDEX(B$19:B$1048576,COUNT(B$19:B$1048576))-B$404 | C10: =INDEX(C$19:C$1048576,COUNT(C$19:C$1048576))-C$404 | D10: =INDEX(D$19:D$1048576,COUNT(D$19:D$1048576))-D$404 | E10: =INDEX(E$19:E$1048576,COUNT(E$19:E$1048576))-E$404 | F10: =INDEX(F$19:F$1048576,COUNT(F$19:F$1048576))-F$404 | G10: =INDEX(G$19:G$1048576,COUNT(G$19:G$1048576))-G$404 | H10: =INDEX(H$19:H$1048576,COUNT(H$19:H$1048576))-H$404 | I10: =INDEX(I$19:I$1048576,COUNT(I$19:I$1048576))-I$404 | ... BM10: =INDEX(BM$19:BM$1048576,COUNT(BM$19:BM$1048576))-BM$404
A11: Date of publication: | B11: 46133 | G11: Date of next publication: | H11: 46161 | BM11: Source: Labour Force Survey
A12: Inquiries: Email: | B12: labour.market@ons.gov.uk | G12: Telephone: | H12: 01633 455400
A13: United Kingdom (thousands) seasonally adjusted
B14: Aged 16 and over | J14: Aged 16-64 | R14: Aged 16-17 | Z14: Aged 18-24 | AH14: Aged 25-34 | AP14: Aged 35-49 | AX14: Aged 50-64 | BF14: Age 65+
B15: Employment | D15: Unemployment | F15: Activity | H15: Inactivity | J15: Employment | L15: Unemployment | N15: Activity | P15: Inactivity | R15: Employment | T15: Unemployment | V15: Activity | X15: Inactivity | Z15: Employment | AB15: Unemployment | AD15: Activity | AF15: Inactivity | AH15: Employment | AJ15: Unemployment | AL15: Activity | AN15: Inactivity | AP15: Employment | AR15: Unemployment | AT15: Activity | AV15: Inactivity | AX15: Employment | AZ15: Unemployment | BB15: Activity | BD15: Inactivity | BF15: Employment | BH15: Unemployment | BJ15: Activity | BL15: Inactivity
B16: level | C16: rate (%) | D16: level | E16: rate (%) | F16: level | G16: rate (%) | H16: level | I16: rate (%) | J16: level | K16: rate (%) | L16: level | M16: rate (%) | N16: level | O16: rate (%) | P16: level | Q16: rate (%) | R16: level | S16: rate (%) | T16: level | U16: rate (%) | V16: level | W16: rate (%) | X16: level | Y16: rate (%) | Z16: level | AA16: rate (%) | AB16: level | AC16: rate (%) | AD16: level | AE16: rate (%) | AF16: level | AG16: rate (%) | AH16: level | AI16: rate (%) | AJ16: level | AK16: rate (%) | AL16: level | AM16: rate (%) | AN16: level | AO16: rate (%) | AP16: level | AQ16: rate (%) | AR16: level | AS16: rate (%) | AT16: level | AU16: rate (%) | AV16: level | AW16: rate (%) | AX16: level | AY16: rate (%) | AZ16: level | BA16: rate (%) | BB16: level | BC16: rate (%) | BD16: level | BE16: rate (%) | BF16: level | BG16: rate (%) | BH16: level | BI16: rate (%) | BJ16: level | BK16: rate (%) | BL16: level | BM16: rate (%)
A17: Dataset identifier code | B17: MGRZ | C17: MGSR | D17: MGSC | E17: MGSX | F17: MGSF | G17: MGWG | H17: MGSI | I17: YBTC | J17: LF2G | K17: LF24 | L17: LF2I | M17: LF2Q | N17: LF2K | O17: LF22 | P17: LF2M | Q17: LF2S | R17: YBTO | S17: YBUA | T17: YBVH | U17: YBVK | V17: YBZL | W17: YCAG | X17: YCAS | Y17: LWEX | Z17: YBTR | AA17: YBUD | AB17: YBVN | AC17: YBVQ | AD17: YBZO | AE17: YCAJ | AF17: YCAV | AG17: LWFA | AH17: YBTU | AI17: YBUG | AJ17: YCGM | AK17: YCGP | AL17: YBZR | AM17: YCAM | AN17: YCAY | AO17: LWFD | AP17: YBTX | AQ17: YBUJ | AR17: YCGS | AS17: YCGV | AT17: YBZU | AU17: YCAP | AV17: YCBB | AW17: LWFG | AX17: LF26 | AY17: LF2U | AZ17: LF28 | BA17: LF2E | BB17: LF3A | BC17: LF2C | BD17: LF2A | BE17: LF2W | BF17: LFK4 | BG17: LFK6 | BH17: K5HU | BI17: K5HW | BJ17: LFK8 | BK17: LFL2 | BL17: LFL4 | BM17: LFL6
A19: Mar-May 1992 | B19: 25635937 | C19: 56.978873 | D19: 2795738.4 | E19: 9.8331819 | F19: 28431675 | G19: 63.19273 | H19: 16560329 | I19: 36.80727 | J19: 25157591 | K19: 69.194504 | L19: 2771842.3 | M19: 9.9244488 | N19: 27929433 | O19: 76.818297 | P19: 8428354.6 | Q19: 23.181703 | R19: 672842.98 | S19: 48.815635 | T19: 148298.6 | U19: 18.060053 | V19: 821141.59 | W19: 59.574892 | X19: 557193.41 | Y19: 40.425108 | Z19: 3807969.1 | AA19: 65.851182 | AB19: 711645.67 | AC19: 15.745715 | AD19: 4519614.8 | AE19: 78.157666 | AF19: 1263074.2 | AG19: 21.842334 | AH19: 6569245 | AI19: 73.761625 | AJ19: 766486.76 | AK19: 10.448675 | AL19: 7335731.8 | AM19: 82.367988 | AN19: 1570315.2 | AO19: 17.632012 | AP19: 9130969.3 | AQ19: 79.563995 | AR19: 715160.37 | AS19: 7.2633653 | AT19: 9846129.7 | AU19: 85.795646 | AV19: 1630128.3 | AW19: 14.204354 | AX19: 4976564.7 | AY19: 56.459105 | AZ19: 430250.91 | BA19: 7.9575657 | BB19: 5406815.6 | BC19: 61.3403 | BD19: 3407643.4 | BE19: 38.6597 | BF19: 478345.94 | BG19: 5.5401202 | BH19: 23896.055 | BI19: 4.7578768 | BJ19: 502242 | BK19: 5.8168802 | BL19: 8131974 | BM19: 94.18312
A20: Apr-Jun 1992 | B20: 25605421 | C20: 56.906189 | D20: 2777367.7 | E20: 9.785394 | F20: 28382788 | G20: 63.078687 | H20: 16613057 | I20: 36.921313 | J20: 25121755 | K20: 69.095274 | L20: 2755380.3 | M20: 9.8840153 | N20: 27877135 | O20: 76.673716 | P20: 8481002.7 | Q20: 23.326284 | R20: 664951.75 | S20: 48.404968 | T20: 154422.9 | U20: 18.846433 | V20: 819374.64 | W20: 59.646137 | X20: 554351.61 | Y20: 40.353863 | Z20: 3773820.3 | AA20: 65.44936 | AB20: 703256.67 | AC20: 15.707942 | AD20: 4477077 | AE20: 77.64594 | AF20: 1288938.6 | AG20: 22.35406 | AH20: 6562285.8 | AI20: 73.607934 | AJ20: 774481.14 | AK20: 10.556164 | AL20: 7336767 | AM20: 82.295144 | AN20: 1578421.2 | AO20: 17.704856 | AP20: 9154912.9 | AQ20: 79.688748 | AR20: 691103.96 | AS20: 7.0191223 | AT20: 9846016.8 | AU20: 85.704448 | AV20: 1642321.4 | AW20: 14.295552 | AX20: 4965784.3 | AY20: 56.334176 | AZ20: 432115.65 | BA20: 8.0052549 | BB20: 5397900 | BC20: 61.236297 | BD20: 3416970 | BE20: 38.763703 | BF20: 483665.56 | BG20: 5.5994671 | BH20: 21987.331 | BI20: 4.3483051 | BJ20: 505652.89 | BK20: 5.8540177 | BL20: 8132054 | BM20: 94.145982
A21: May-Jul 1992 | B21: 25541631 | C21: 56.759881 | D21: 2802624.9 | E21: 9.8878055 | F21: 28344256 | G21: 62.988013 | H21: 16655188 | I21: 37.011987 | J21: 25071012 | K21: 68.95567 | L21: 2780378.7 | M21: 9.9829079 | N21: 27851391 | O21: 76.602863 | P21: 8506768.3 | Q21: 23.397137 | R21: 657021.66 | S21: 47.988417 | T21: 160526.33 | U21: 19.635096 | V21: 817547.99 | W21: 59.713152 | X21: 551577.51 | Y21: 40.286848 | Z21: 3732657.6 | AA21: 64.922411 | AB21: 704380.25 | AC21: 15.875011 | AD21: 4437037.9 | AE21: 77.173753 | AF21: 1312375.3 | AG21: 22.826247 | AH21: 6563532.7 | AI21: 73.546748 | AJ21: 774921.42 | AK21: 10.559737 | AL21: 7338454.1 | AM21: 82.230022 | AN21: 1585846.2 | AO21: 17.769978 | AP21: 9147971.3 | AQ21: 79.549054 | AR21: 702795.56 | AS21: 7.1344248 | AT21: 9850766.9 | AU21: 85.660434 | AV21: 1649019.5 | AW21: 14.339566 | AX21: 4969829 | AY21: 56.375814 | AZ21: 437755.16 | BA21: 8.0952074 | BB21: 5407584.2 | BC21: 61.341539 | BD21: 3407949.8 | BE21: 38.658461 | BF21: 470618.68 | BG21: 5.4461656 | BH21: 22246.196 | BI21: 4.51365 | BJ21: 492864.88 | BK21: 5.7036065 | BL21: 8148420 | BM21: 94.296394
A22: Jun-Aug 1992 | B22: 25525070 | C22: 56.721622 | D22: 2816125.8 | E22: 9.9365103 | F22: 28341196 | G22: 62.979596 | H22: 16659404 | I22: 37.020404 | J22: 25060700 | K22: 68.931149 | L22: 2794467.3 | M22: 10.032132 | N22: 27855168 | O22: 76.61752 | P22: 8500965.7 | Q22: 23.38248 | R22: 655096.25 | S22: 48.013865 | T22: 155254.86 | U22: 19.158962 | V22: 810351.11 | W22: 59.392934 | X22: 554038.64 | Y22: 40.607066 | Z22: 3719998.3 | AA22: 64.885011 | AB22: 714329.99 | AC22: 16.109091 | AD22: 4434328.3 | AE22: 77.344508 | AF22: 1298888.4 | AG22: 22.655492 | AH22: 6566665.2 | AI22: 73.542227 | AJ22: 775662.24 | AK22: 10.564256 | AL22: 7342327.5 | AM22: 82.229121 | AN22: 1586781 | AO22: 17.770879 | AP22: 9143812.7 | AQ22: 79.452506 | AR22: 703958.08 | AS22: 7.1484003 | AT22: 9847770.8 | AU22: 85.569345 | AV22: 1660755.7 | AW22: 14.430655 | AX22: 4975128 | AY22: 56.401643 | AZ22: 445262.13 | BA22: 8.2145771 | BB22: 5420390.1 | BC22: 61.449456 | BD22: 3400501.9 | BE22: 38.550544 | BF22: 464369.35 | BG22: 5.3718688 | BH22: 21658.542 | BI22: 4.4562342 | BJ22: 486027.9 | BK22: 5.6224168 | BL22: 8158437.9 | BM22: 94.377583
A23: Jul-Sep 1992 | B23: 25509005 | C23: 56.682283 | D23: 2814524.8 | E23: 9.9370554 | F23: 28323530 | G23: 62.936297 | H23: 16679960 | I23: 37.063703 | J23: 25051022 | K23: 68.904267 | L23: 2793342.4 | M23: 10.031985 | N23: 27844364 | O23: 76.587515 | P23: 8511906.3 | Q23: 23.412485 | R23: 648817.45 | S23: 47.720183 | T23: 146301.37 | U23: 18.399938 | V23: 795118.82 | W23: 58.480572 | X23: 564510.18 | Y23: 41.519428 | Z23: 3700258.4 | AA23: 64.724227 | AB23: 723869.61 | AC23: 16.36186 | AD23: 4424128 | AE23: 77.386019 | AF23: 1292832.3 | AG23: 22.613981 | AH23: 6586437.2 | AI23: 73.720371 | AJ23: 762085.43 | AK23: 10.370594 | AL23: 7348522.7 | AM23: 82.250206 | AN23: 1585829 | AO23: 17.749794 | AP23: 9154876.5 | AQ23: 79.480524 | AR23: 712240.98 | AS23: 7.2183288 | AT23: 9867117.4 | AU23: 85.664036 | AV23: 1651272.2 | AW23: 14.335964 | AX23: 4960632.4 | AY23: 56.198778 | AZ23: 448845.05 | BA23: 8.2973827 | BB23: 5409477.5 | BC23: 61.283723 | BD23: 3417462.5 | BE23: 38.716277 | BF23: 457983.03 | BG23: 5.2963045 | BH23: 21182.41 | BI23: 4.4206882 | BJ23: 479165.44 | BK23: 5.5412666 | BL23: 8168053.2 | BM23: 94.458733
A24: Aug-Oct 1992 | B24: 25454432 | C24: 56.55781 | D24: 2849869.1 | E24: 10.068678 | F24: 28304301 | G24: 62.890002 | H24: 16701741 | I24: 37.109998 | J24: 24999843 | K24: 68.764542 | L24: 2829973 | M24: 10.168853 | N24: 27829816 | O24: 76.548662 | P24: 8525902.4 | Q24: 23.451338 | R24: 628524.21 | S24: 46.391089 | T24: 135175.21 | U24: 17.700054 | V24: 763699.42 | W24: 56.36831 | X24: 591138.83 | Y24: 43.63169 | Z24: 3693704.8 | AA24: 64.794223 | AB24: 740436.82 | AC24: 16.698538 | AD24: 4434141.6 | AE24: 77.782816 | AF24: 1266528.3 | AG24: 22.217184 | AH24: 6575853.7 | AI24: 73.560218 | AJ24: 775080.19 | AK24: 10.543969 | AL24: 7350933.9 | AM24: 82.230585 | AN24: 1588481.9 | AO24: 17.769415 | AP24: 9157510.7 | AQ24: 79.437958 | AR24: 727787.21 | AS24: 7.3623194 | AT24: 9885297.9 | AU24: 85.751238 | AV24: 1642579.9 | AW24: 14.248762 | AX24: 4944250 | AY24: 55.97528 | AZ24: 451493.6 | BA24: 8.3675882 | BB24: 5395743.6 | BC24: 61.086769 | BD24: 3437173.4 | BE24: 38.913231 | BF24: 454588.67 | BG24: 5.2551638 | BH24: 19896.06 | BI24: 4.1931929 | BJ24: 474484.73 | BK24: 5.4851674 | BL24: 8175838.9 | BM24: 94.514833
A25: Sep-Nov 1992 | B25: 25406419 | C25: 56.449606 | D25: 2898811.3 | E25: 10.241257 | F25: 28305230 | G25: 62.890371 | H25: 16702026 | I25: 37.109629 | J25: 24962923 | K25: 68.666128 | L25: 2880096.3 | M25: 10.344052 | N25: 27843020 | O25: 76.58848 | P25: 8511037.4 | Q25: 23.41152 | R25: 623263.78 | S25: 46.162438 | T25: 136924.83 | U25: 18.011955 | V25: 760188.61 | W25: 56.303865 | X25: 589964.89 | Y25: 43.696135 | Z25: 3682050 | AA25: 64.774538 | AB25: 750677.65 | AC25: 16.934892 | AD25: 4432727.6 | AE25: 77.980442 | AF25: 1251681.9 | AG25: 22.019558 | AH25: 6571774.9 | AI25: 73.47512 | AJ25: 787965.68 | AK25: 10.706433 | AL25: 7359740.6 | AM25: 82.284897 | AN25: 1584477.4 | AO25: 17.715103 | AP25: 9161864.5 | AQ25: 79.415391 | AR25: 730505.38 | AS25: 7.3845336 | AT25: 9892369.9 | AU25: 85.747439 | AV25: 1644266.1 | AW25: 14.252561 | AX25: 4923970.1 | AY25: 55.70959 | AZ25: 474022.79 | BA25: 8.7814639 | BB25: 5397992.9 | BC25: 61.072664 | BD25: 3440647.1 | BE25: 38.927336 | BF25: 443495.8 | BG25: 5.1252233 | BH25: 18714.996 | BI25: 4.0490174 | BJ25: 462210.8 | BK25: 5.3415017 | BL25: 8190988.7 | BM25: 94.658498
A26: Oct-Dec 1992 | B26: 25335708 | C26: 56.289377 | D26: 2931640.3 | E26: 10.371119 | F26: 28267348 | G26: 62.802722 | H26: 16742402 | I26: 37.197278 | J26: 24904858 | K26: 68.507651 | L26: 2912254.2 | M26: 10.46929 | N26: 27817112 | O26: 76.518606 | P26: 8536284.2 | Q26: 23.481394 | R26: 613179.3 | S26: 45.576197 | T26: 143304.85 | U26: 18.943537 | V26: 756484.15 | W26: 56.227714 | X26: 588909.6 | Y26: 43.772286 | Z26: 3657106.4 | AA26: 64.520168 | AB26: 749834.88 | AC26: 17.01486 | AD26: 4406941.3 | AE26: 77.749062 | AF26: 1261218.8 | AG26: 22.250938 | AH26: 6566330.4 | AI26: 73.371467 | AJ26: 796807.58 | AK26: 10.821576 | AL26: 7363138 | AM26: 82.274909 | AN26: 1586295.1 | AO26: 17.725091 | AP26: 9151189.4 | AQ26: 79.257564 | AR26: 741700.09 | AS26: 7.4973049 | AT26: 9892889.5 | AU26: 85.681356 | AV26: 1653250.7 | AW26: 14.318644 | AX26: 4917052.2 | AY26: 55.595914 | AZ26: 480606.78 | BA26: 8.9039856 | BB26: 5397659 | BC26: 61.030018 | BD26: 3446610 | BE26: 38.969982 | BF26: 430849.95 | BG26: 4.9772685 | BH26: 19386.125 | BI26: 4.3057689 | BJ26: 450236.08 | BK26: 5.2012211 | BL26: 8206117.3 | BM26: 94.798779
A27: Nov-Jan 1993 | B27: 25301164 | C27: 56.210098 | D27: 2982756.3 | E27: 10.545767 | F27: 28283920 | G27: 62.836711 | H27: 16727857 | I27: 37.163289 | J27: 24869383 | K27: 68.411497 | L27: 2964559.6 | M27: 10.650879 | N27: 27833942 | O27: 76.566503 | P27: 8518694 | Q27: 23.433497 | R27: 601737.22 | S27: 44.888946 | T27: 148625.82 | U27: 19.807188 | V27: 750363.04 | W27: 55.976271 | X27: 590138.96 | Y27: 44.023729 | Z27: 3642900.1 | AA27: 64.453285 | AB27: 758732.77 | AC27: 17.23753 | AD27: 4401632.8 | AE27: 77.87743 | AF27: 1250367.8 | AG27: 22.12257 | AH27: 6577421.7 | AI27: 73.455902 | AJ27: 802411.97 | AK27: 10.873036 | AL27: 7379833.7 | AM27: 82.417149 | AN27: 1574411.7 | AO27: 17.582851 | AP27: 9134290.6 | AQ27: 79.048594 | AR27: 755263.86 | AS27: 7.6369857 | AT27: 9889554.5 | AU27: 85.584684 | AV27: 1665730.9 | AW27: 14.415316 | AX27: 4913033.1 | AY27: 55.510717 | AZ27: 499525.19 | BA27: 9.2290034 | BB27: 5412558.3 | BC27: 61.154684 | BD27: 3438044.7 | BE27: 38.845316 | BF27: 431780.84 | BG27: 4.986417 | BH27: 18196.685 | BI27: 4.0439097 | BJ27: 449977.53 | BK27: 5.1965612 | BL27: 8209162.8 | BM27: 94.803439
A28: Dec-Feb 1993 | B28: 25274286 | C28: 56.147416 | D28: 3023283.2 | E28: 10.683897 | F28: 28297569 | G28: 62.86371 | H28: 16716588 | I28: 37.13629 | J28: 24839004 | K28: 68.329654 | L28: 3005600.8 | M28: 10.794194 | N28: 27844605 | O28: 76.597766 | P28: 8507114.4 | Q28: 23.402234 | R28: 589709.19 | S28: 44.1438 | T28: 147847.45 | U28: 20.045572 | V28: 737556.64 | W28: 55.211201 | X28: 598325.61 | Y28: 44.788799 | Z28: 3626688.4 | AA28: 64.350812 | AB28: 774878.08 | AC28: 17.604598 | AD28: 4401566.4 | AE28: 78.100004 | AF28: 1234241.8 | AG28: 21.899996 | AH28: 6573950.2 | AI28: 73.372982 | AJ28: 815460.81 | AK28: 11.035532 | AL28: 7389411.1 | AM28: 82.474479 | AN28: 1570222.4 | AO28: 17.525521 | AP28: 9123860.8 | AQ28: 78.895396 | AR28: 770251.41 | AS28: 7.7849472 | AT28: 9894112.2 | AU28: 85.555876 | AV28: 1670391.3 | AW28: 14.444124 | AX28: 4924795.6 | AY28: 55.610385 | AZ28: 497163.07 | BA28: 9.1694367 | BB28: 5421958.7 | BC28: 61.224309 | BD28: 3433933.3 | BE28: 38.775691 | BF28: 435281.59 | BG28: 5.0249321 | BH28: 17682.355 | BI28: 3.9037004 | BJ28: 452963.95 | BK28: 5.2290589 | BL28: 8209473.3 | BM28: 94.770941
A29: Jan-Mar 1993 | B29: 25282289 | C29: 56.163389 | D29: 3003526.8 | E29: 10.618491 | F29: 28285816 | G29: 62.835579 | H29: 16729789 | I29: 37.164421 | J29: 24847113 | K29: 68.354168 | L29: 2984739.8 | M29: 10.724187 | N29: 27831853 | O29: 76.565158 | P29: 8518692.9 | Q29: 23.434842 | R29: 587790.99 | S29: 44.156249 | T29: 143512.75 | U29: 19.624233 | V29: 731303.73 | W29: 54.937266 | X29: 599857.77 | Y29: 45.062734 | Z29: 3602671.5 | AA29: 64.109929 | AB29: 780912.52 | AC29: 17.814476 | AD29: 4383584 | AE29: 78.006352 | AF29: 1235937.9 | AG29: 21.993648 | AH29: 6591842.4 | AI29: 73.534333 | AJ29: 802247.85 | AK29: 10.849852 | AL29: 7394090.2 | AM29: 82.483692 | AN29: 1570215.4 | AO29: 17.516308 | AP29: 9128037.7 | AQ29: 78.867686 | AR29: 765601.85 | AS29: 7.7383237 | AT29: 9893639.6 | AU29: 85.482607 | AV29: 1680223.1 | AW29: 14.517393 | AX29: 4936770.4 | AY29: 55.709105 | AZ29: 492464.82 | BA29: 9.0706112 | BB29: 5429235.2 | BC29: 61.266336 | BD29: 3432458.8 | BE29: 38.733664 | BF29: 435176.21 | BG29: 5.0221955 | BH29: 18787.035 | BI29: 4.1384485 | BJ29: 453963.25 | BK29: 5.2390092 | BL29: 8211095.9 | BM29: 94.760991
A30: Feb-Apr 1993 | B30: 25258217 | C30: 56.10629 | D30: 2988474.6 | E30: 10.57991 | F30: 28246692 | G30: 62.744614 | H30: 16771821 | I30: 37.255386 | J30: 24824126 | K30: 68.291867 | L30: 2969360.9 | M30: 10.683657 | N30: 27793487 | O30: 76.460663 | P30: 8556560.4 | Q30: 23.539337 | R30: 576754.25 | S30: 43.483966 | T30: 140457.66 | U30: 19.583843 | V30: 717211.91 | W30: 54.073668 | X30: 609148.84 | Y30: 45.926332 | Z30: 3566918.9 | AA30: 63.657292 | AB30: 773854.39 | AC30: 17.82757 | AD30: 4340773.2 | AE30: 77.467944 | AF30: 1262542.2 | AG30: 22.532056 | AH30: 6606869.8 | AI30: 73.659732 | AJ30: 795947.06 | AK30: 10.751949 | AL30: 7402816.9 | AM30: 82.533715 | AN30: 1566629 | AO30: 17.466285 | AP30: 9125446.4 | AQ30: 78.780012 | AR30: 765785.88 | AS30: 7.7420675 | AT30: 9891232.3 | AU30: 85.391045 | AV30: 1692221.6 | AW30: 14.608955 | AX30: 4948137.2 | AY30: 55.80099 | AZ30: 493315.96 | BA30: 9.0658864 | BB30: 5441453.1 | BC30: 61.364199 | BD30: 3426018.9 | BE30: 38.635801 | BF30: 434090.92 | BG30: 5.0077023 | BH30: 19113.649 | BI30: 4.2174439 | BJ30: 453204.57 | BK30: 5.2281986 | BL30: 8215260.5 | BM30: 94.771801
... A424: Dec-Feb 2026 | B424: 34327521 | C424: 60.677477 | D424: 1780058.1 | E424: 4.9298737 | F424: 36107579 | G424: 63.823916 | H424: 20466166 | I424: 36.176084 | J424: 32610347 | K424: 75.040638 | L424: 1730892.8 | M424: 5.0402747 | N424: 34341240 | O424: 79.023647 | P424: 9115676.1 | Q424: 20.976353 | R424: 329590.74 | S424: 20.178164 | T424: 133181 | U424: 28.778984 | V424: 462771.74 | W424: 28.331755 | X424: 1170631.3 | Y424: 71.668245 | Z424: 3461915.3 | AA424: 59.002344 | AB424: 579658.15 | AC424: 14.342388 | AD424: 4041573.5 | AE424: 68.881612 | AF424: 1825846.5 | AG424: 31.118388 | AH424: 7697909.3 | AI424: 84.058537 | AJ424: 381019.59 | AK424: 4.7162142 | AL424: 8078928.9 | AM424: 88.21914 | AN424: 1078867.1 | AO424: 11.78086 | AP424: 11617757 | AQ424: 85.489756 | AR424: 354066.09 | AS424: 2.9574952 | AT424: 11971823 | AU424: 88.095167 | AV424: 1617824.9 | AW424: 11.904833 | AX424: 9503174.7 | AY424: 71.946606 | AZ424: 282967.99 | BA424: 2.8915171 | BB424: 9786142.7 | BC424: 74.0889 | BD424: 3422506.3 | BE424: 25.9111 | BF424: 1717174.1 | BG424: 13.091381 | BH424: 49165.241 | BI424: 2.7834539 | BJ424: 1766339.4 | BK424: 13.466207 | BL424: 11350490 | BM424: 86.533793

Sheet 3
B2: 46133 | F2: Date of next publication: | G2: 46161 | Z2: Source: Labour Force Survey
B3: labour.market@ons.gov.uk | F3: Telephone: | G3: 01633 455400
B5: All in employment | G5: Full-time and part-time workers1 | N5: Temporary employees (reasons for temporary working) | U5: Part-time workers (reasons for working part-time)3
B6: Total6 | C6: Employees | D6: Self employed | E6: Unpaid family workers | F6: Government supported training & employment programmes2 | G6: Total people working full-time | H6: Total people working part-time | I6: Employees working full-time | J6: Employees working part-time | K6: Self-employed people working full-time | L6: Self-employed people working part-time | M6: Total workers with second jobs | N6: Total | O6: Total as % of all employees | P6: Could not find permanent job | Q6: % that could not find permanent job | R6: Did not want permanent job | S6: Had a contract with period of training | T6: Some other reason | U6: Total4 | V6: Could not find full-time job | W6: % that could not find full-time job | X6: Did not want full-time job | Y6: Ill or disabled | Z6: Student or at school
C8: MGRN | D8: MGRQ | E8: MGRT | F8: MGRW | G8: YCBE | H8: YCBH | I8: YCBK | J8: YCBN | K8: YCBQ | L8: YCBT | M8: YCBW | N8: YCBZ | O8: YCCC | P8: YCCF | Q8: YCCI | R8: YCCL | S8: YCCO | T8: YCCR | U8: YCCU | V8: YCCX | W8: YCDA | X8: YCDD | Y8: YCDG | Z8: YCDJ
A9: 33664 | B9: 25635937 | C9: 21633538 | D9: 3451242.8 | E9: 179170.01 | F9: 371986.33 | G9: 19631892 | H9: 6004045.1 | I9: 16546500 | J9: 5087038 | K9: 2853526.8 | L9: 597715.99 | M9: 965983.98 | N9: 1287679.2 | O9: 5.9522356 | P9: 461932.96 | Q9: 35.873297 | R9: 363227.71 | S9: 69600.618 | T9: 392917.87 | U9: 5684753.9 | V9: 639834.7 | W9: 11.255275 | X9: 4335547.5 | Y9: 89703.748 | Z9: 611100.86
A10: 33695 | B10: 25605421 | C10: 21575567 | D10: 3486917.3 | E10: 175107.3 | F10: 367829.04 | G10: 19582667 | H10: 6022753.8 | I10: 16473112 | J10: 5102454.6 | K10: 2874530.1 | L10: 612387.21 | M10: 952951.43 | N10: 1272014.8 | O10: 5.8956261 | P10: 464073.13 | Q10: 36.483313 | R10: 358429.71 | S10: 73443.437 | T10: 376068.49 | U10: 5714841.8 | V10: 663229.06 | W10: 11.605379 | X10: 4340566.2 | Y10: 87725.093 | Z10: 615279.48
A11: 33725 | B11: 25541631 | C11: 21535114 | D11: 3469236 | E11: 171911.34 | F11: 365369.87 | G11: 19528878 | H11: 6012753.4 | I11: 16437125 | J11: 5097988.8 | K11: 2860737.2 | L11: 608498.79 | M11: 938332.76 | N11: 1275347.1 | O11: 5.9221748 | P11: 476947.51 | Q11: 37.397468 | R11: 355203.49 | S11: 74363.527 | T11: 368832.56 | U11: 5706487.6 | V11: 673285.62 | W11: 11.7986 | X11: 4332174.1 | Y11: 85862.188 | Z11: 609504.2
A12: 33756 | B12: 25525070 | C12: 21536104 | D12: 3444530.9 | E12: 176280.8 | F12: 368153.94 | G12: 19519740 | H12: 6005329.8 | I12: 16447790 | J12: 5088314.4 | K12: 2837419.5 | L12: 607111.42 | M12: 926793.6 | N12: 1275264.8 | O12: 5.9215203 | P12: 499301.85 | Q12: 39.152799 | R12: 333783.79 | S12: 79535.898 | T12: 362643.24 | U12: 5695425.8 | V12: 691888.97 | W12: 12.148152 | X12: 4304323.8 | Y12: 83204.765 | Z12: 613616.66
A13: 33786 | B13: 25509005 | C13: 21551256 | D13: 3410669 | E13: 177758.76 | F13: 369320.9 | G13: 19492207 | H13: 6016797.6 | I13: 16448423 | J13: 5102833 | K13: 2811239.1 | L13: 599429.83 | M13: 941046.36 | N13: 1276410 | O13: 5.922671 | P13: 506584.88 | Q13: 39.688257 | R13: 323042.53 | S13: 71573.416 | T13: 375209.18 | U13: 5702262.8 | V13: 709357.14 | W13: 12.439924 | X13: 4295323.5 | Y13: 84175.957 | Z13: 609386.62
A14: 33817 | B14: 25454432 | C14: 21504645 | D14: 3409118.5 | E14: 177080.08 | F14: 363588.45 | G14: 19437329 | H14: 6017102.9 | I14: 16402691 | J14: 5101954.4 | K14: 2810315.3 | L14: 598803.24 | M14: 953288.87 | N14: 1295321.6 | O14: 6.0234501 | P14: 518295.77 | Q14: 40.012904 | R14: 328460.54 | S14: 78464.346 | T14: 370100.9 | U14: 5700757.6 | V14: 723396.54 | W14: 12.689481 | X14: 4288609.7 | Y14: 77597.304 | Z14: 604078.36
A15: 33848 | B15: 25406419 | C15: 21477798 | D15: 3390686.3 | E15: 176689.82 | F15: 361244.92 | G15: 19388788 | H15: 6017631 | I15: 16393064 | J15: 5084734.4 | K15: 2777089.5 | L15: 613596.79 | M15: 967956.37 | N15: 1300565.2 | O15: 6.0553937 | P15: 505981.47 | Q15: 38.904736 | R15: 349565.8 | S15: 76473.095 | T15: 368544.85 | U15: 5698331.2 | V15: 725488.62 | W15: 12.731598 | X15: 4281842.8 | Y15: 84037.366 | Z15: 597733.92
A16: 33878 | B16: 25335708 | C16: 21428737 | D16: 3386359.1 | E16: 171112.81 | F16: 349498.44 | G16: 19327810 | H16: 6007897.4 | I16: 16348948 | J16: 5079788.9 | K16: 2766108.9 | L16: 620250.19 | M16: 955365.02 | N16: 1321775 | O16: 6.1682356 | P16: 514478.57 | Q16: 38.923309 | R16: 362079.64 | S16: 78258.475 | T16: 366958.33 | U16: 5700039.1 | V16: 731598.34 | W16: 12.83497 | X16: 4279209.5 | Y16: 87856.901 | Z16: 589836.26
A17: 34274 | B17: 25301164 | C17: 21415689 | D17: 3368357 | E17: 169027.57 | F17: 348089.98 | G17: 19306261 | H17: 5994902.2 | I17: 16350439 | J17: 5065250 | K17: 2745020.2 | L17: 623336.8 | M17: 972244.78 | N17: 1335289.1 | O17: 6.2350975 | P17: 531015.74 | Q17: 39.767849 | R17: 362451.4 | S17: 77391.897 | T17: 364430.05 | U17: 5688586.8 | V17: 742775.52 | W17: 13.057294 | X17: 4257412.1 | Y17: 89384.295 | Z17: 589312.26
A18: 34304 | B18: 25274286 | C18: 21376365 | D18: 3387510.6 | E18: 163914.17 | F18: 346496.3 | G18: 19261829 | H18: 6012456.7 | I18: 16291051 | J18: 5085313.5 | K18: 2759105.1 | L18: 628405.52 | M18: 984483.35 | N18: 1326934.8 | O18: 6.2074858 | P18: 529218.56 | Q18: 39.882785 | R18: 365559.11 | S18: 81553.676 | T18: 350603.46 | U18: 5713719.1 | V18: 767413.71 | W18: 13.431072 | X18: 4264861.2 | Y18: 89766.984 | Z18: 582332.73
A19: 33970 | B19: 25282289 | C19: 21387671 | D19: 3380078 | E19: 160534.34 | F19: 354006.25 | G19: 19238566 | H19: 6043723.4 | I19: 16280197 | J19: 5107473.9 | K19: 2741829.3 | L19: 638248.63 | M19: 1011759.3 | N19: 1338002.6 | O19: 6.2559528 | P19: 540831.42 | Q19: 40.420806 | R19: 371221.19 | S19: 82825.136 | T19: 343124.84 | U19: 5745722.6 | V19: 782406.53 | W19: 13.6172 | X19: 4284135.2 | Y19: 88974.814 | Z19: 585758.61
A20: 34001 | B20: 25258217 | C20: 21347590 | D20: 3397157.4 | E20: 159133.48 | F20: 354336.13 | G20: 19205207 | H20: 6053010.1 | I20: 16247437 | J20: 5100153.4 | K20: 2747374.5 | L20: 649782.82 | M20: 1013711.3 | N20: 1327414.9 | O20: 6.218102 | P20: 536317.93 | Q20: 40.403186 | R20: 364469.78 | S20: 80180.855 | T20: 346446.38 | U20: 5749936.2 | V20: 786566.89 | W20: 13.679576 | X20: 4287090.6 | Y20: 87830.275 | Z20: 583403.66
... A330: 43800 | B330: 32720869 | C330: 27710952 | D330: 4832645.8 | E330: 133817.25 | F330: 43453.714 | G330: 24145875 | H330: 8574994 | I330: 20683648 | J330: 7027304.1 | K330: 3414157.3 | L330: 1418488.4 | M330: 1129355 | N330: 1545253.1 | O330: 5.5763262 | P330: 408201.13 | Q330: 26.416458 | R330: 453041.97 | S330: 135942.67 | T330: 548067.32 | U330: 8445792.5 | V330: 949525.98 | W330: 11.242592 | X330: 6094479.2 | Y330: 262197.63 | Z330: 1069480.6
B331: 32775975 | C331: 27695401 | D331: 4908912.2 | E331: 130071.29 | F331: 41590.66 | G331: 24155940 | H331: 8620035 | I331: 20633251 | J331: 7062150.2 | K331: 3476926.2 | L331: 1431986 | M331: 1092445.4 | N331: 1512987.5 | O331: 5.4629559 | P331: 370216.76 | Q331: 24.469254 | R331: 443228.76 | S331: 133266.25 | T331: 566275.75 | U331: 8494136.2 | V331: 911409.36 | W331: 10.729865 | X331: 6131628.3 | Y331: 268533.72 | Z331: 1114707.8
A332: 43497 | B332: 32843376 | C332: 27768203 | D332: 4903607.7 | E332: 132540.3 | F332: 39025.206 | G332: 24203750 | H332: 8639626.4 | I332: 20695754 | J332: 7072448.9 | K332: 3463321.5 | L332: 1440286.2 | M332: 1114540.8 | N332: 1471871.1 | O332: 5.3005631 | P332: 362637.89 | Q332: 24.637883 | R332: 433605.68 | S332: 135515.62 | T332: 540111.94 | U332: 8512735.1 | V332: 923738.9 | W332: 10.851259 | X332: 6152364.5 | Y332: 274479.55 | Z332: 1094998
A333: 43525 | B333: 32882262 | C333: 27760013 | D333: 4946329 | E333: 131253.43 | F333: 44666.624 | G333: 24134356 | H333: 8747905.7 | I333: 20666331 | J333: 7093681.5 | K333: 3419418 | L333: 1526911 | M333: 1147676.6 | N333: 1470827.7 | O333: 5.2983683 | P333: 356893.53 | Q333: 24.264808 | R333: 452854.16 | S333: 132006.98 | T333: 529073.07 | U333: 8620592.5 | V333: 923540.58 | W333: 10.713191 | X333: 6248998.8 | Y333: 277720.49 | Z333: 1104218.9
A334: 43556 | B334: 32963051 | C334: 27809356 | D334: 4969071.3 | E334: 134094.87 | F334: 50529.629 | G334: 24180489 | H334: 8782562.7 | I334: 20677423 | J334: 7131932.6 | K334: 3449731.3 | L334: 1519340 | M334: 1153414.5 | N334: 1474134.4 | O334: 5.3008577 | P334: 354687.82 | Q334: 24.060752 | R334: 448513.77 | S334: 132852.26 | T334: 538080.53 | U334: 8651272.7 | V334: 925247.82 | W334: 10.694933 | X334: 6261192 | Y334: 275836.77 | Z334: 1124057.4
A335: 43586 | B335: 32905931 | C335: 27792695 | D335: 4934877.2 | E335: 124109.51 | F335: 54248.954 | G335: 24232239 | H335: 8673691.5 | I335: 20715895 | J335: 7076800.2 | K335: 3462070.8 | L335: 1472806.4 | M335: 1160322.2 | N335: 1442873.1 | O335: 5.191555 | P335: 358788.31 | Q335: 24.866242 | R335: 417258.65 | S335: 123834.69 | T335: 542991.42 | U335: 8549606.6 | V335: 906047.52 | W335: 10.597535 | X335: 6182490.8 | Y335: 276814.57 | Z335: 1122029.6
A336: 43617 | B336: 32874593 | C336: 27738840 | D336: 4947071.4 | E336: 130583.26 | F336: 58097.679 | G336: 24253004 | H336: 8621588.3 | I336: 20690530 | J336: 7048310.1 | K336: 3508739.1 | L336: 1438332.3 | M336: 1157337 | N336: 1416641.4 | O336: 5.1070677 | P336: 342700.88 | Q336: 24.191083 | R336: 379159.75 | S336: 134722.68 | T336: 560058.05 | U336: 8486642.4 | V336: 886448.07 | W336: 10.445215 | X336: 6166577.2 | Y336: 278477.69 | Z336: 1095951.2
A337: 43647 | B337: 32896236 | C337: 27764104 | D337: 4951206.9 | E337: 121269.43 | F337: 59656.04 | G337: 24270305 | H337: 8625930.9 | I337: 20723679 | J337: 7040424.9 | K337: 3491743.3 | L337: 1459463.6 | M337: 1151615 | N337: 1439444.9 | O337: 5.1845539 | P337: 360126.04 | Q337: 25.018397 | R337: 381665.19 | S337: 132287.06 | T337: 565366.63 | U337: 8499888.5 | V337: 879936.73 | W337: 10.352333 | X337: 6172690.6 | Y337: 279613.2 | Z337: 1109205.2
A338: 43678 | B338: 32906942 | C338: 27763257 | D338: 4963628.3 | E338: 123181.58 | F338: 56875.171 | G338: 24275645 | H338: 8631297.2 | I338: 20749353 | J338: 7013904.1 | K338: 3479207.8 | L338: 1484420.5 | M338: 1152878.5 | N338: 1434112.4 | O338: 5.1655048 | P338: 368728.95 | Q338: 25.711301 | R338: 379795.93 | S338: 128529.29 | T338: 557058.2 | U338: 8498324.6 | V338: 879931.6 | W338: 10.354177 | X338: 6179787.5 | Y338: 281905.44 | Z338: 1099093.5
A339: 43709 | B339: 33005331 | C339: 27821697 | D339: 4993006.3 | E339: 134723.72 | F339: 55904.044 | G339: 24390156 | H339: 8615175 | I339: 20804098 | J339: 7017598.5 | K339: 3534573.2 | L339: 1458433.1 | M339: 1136900 | N339: 1465692.7 | O339: 5.2681645 | P339: 377418.67 | Q339: 25.750191 | R339: 397234.15 | S339: 117986.46 | T339: 573053.46 | U339: 8476031.6 | V339: 903887.61 | W339: 10.664042 | X339: 6132703.3 | Y339: 286740.04 | Z339: 1101044.2
A340: 43739 | B340: 33056798 | C340: 27857025 | D340: 5016560.6 | E340: 126831.94 | F340: 56381.009 | G340: 24445955 | H340: 8610843.8 | I340: 20834659 | J340: 7022365.8 | K340: 3557606.3 | L340: 1458954.3 | M340: 1177107.5 | N340: 1416432.2 | O340: 5.0846499 | P340: 369042.79 | Q340: 26.054391 | R340: 393910.85 | S340: 108656.5 | T340: 544822.05 | U340: 8481320.1 | V340: 918834.07 | W340: 10.833621 | X340: 6120211.3 | Y340: 296597.45 | Z340: 1094470.6
A341: 44136 | B341: 33102826 | C341: 27901418 | D341: 5011715.4 | E341: 131666.95 | F341: 58025.752 | G341: 24501294 | H341: 8601532.2 | I341: 20913911 | J341: 6987507.3 | K341: 3532183 | L341: 1479532.4 | M341: 1182477.2 | N341: 1460315.8 | O341: 5.2338407 | P341: 368150.45 | Q341: 25.210332 | R341: 416728.22 | S341: 122857.46 | T341: 552579.64 | U341: 8467039.8 | V341: 903962.84 | W341: 10.676256 | X341: 6101956.4 | Y341: 305672.19 | Z341: 1105945.3
A342: 44166 | B342: 33181308 | C342: 27973824 | D342: 5023296.7 | E342: 124368.7 | F342: 59818.186 | G342: 24477375 | H342: 8703932.5 | I342: 20900366 | J342: 7073457.9 | K342: 3522523.2 | L342: 1500773.6 | M342: 1211931.8 | N342: 1480006.3 | O342: 5.2906827 | P342: 385339 | Q342: 26.036308 | R342: 421754.64 | S342: 116942.95 | T342: 555969.69 | U342: 8574231.4 | V342: 873042.36 | W342: 10.182165 | X342: 6186700.5 | Y342: 307529.89 | Z342: 1162522.1
A343: 43831 | B343: 32976043 | C343: 27883208 | D343: 4918110.8 | E343: 116687.78 | F343: 58036.48 | G343: 24267359 | H343: 8708684.5 | I343: 20786317 | J343: 7096891 | K343: 3428085 | L343: 1490025.8 | M343: 1201604 | N343: 1512999.5 | O343: 5.4262032 | P343: 406207.15 | Q343: 26.847804 | R343: 425842.74 | S343: 117215.03 | T343: 563734.61 | U343: 8586916.8 | V343: 895468.38 | W343: 10.428288 | X343: 6203652.8 | Y343: 302601.09 | Z343: 1136811.5
... A414: 46357 | B414: 34327521 | C414: 29660985 | D414: 4474904.1 | E414: 126385.93 | F414: 65246.531 | G414: 25584391 | H414: 8743129.9 | I414: 22591893 | J414: 7069092 | K414: 2933438.9 | L414: 1541465.2 | M414: 1272895.8 | N414: 1636864.3 | O414: 5.5185772 | P414: 381201.22 | Q414: 23.288504 | R414: 431377.07 | S414: 169303.54 | T414: 654982.49 | U414: 8610557.2 | V414: 887937.78 | W414: 10.312199 | X414: 5907141.4 | Y414: 475592.43 | Z414: 1294231.1
A422: 43466

Sheet 5
A1: Workforce Jobs
B2: Workforce jobs | C2: Employee jobs | D2: Self-employment jobs | E2: HM Forces | F2: Government- supported trainees
A3: Current | B3: =INDEX(B$14:B$1048576,COUNT(B$14:B$1048576)) | C3: =INDEX(C$14:C$1048576,COUNT(C$14:C$1048576)) | D3: =INDEX(D$14:D$1048576,COUNT(D$14:D$1048576)) | E3: =INDEX(E$14:E$1048576,COUNT(E$14:E$1048576)) | F3: =INDEX(F$14:F$1048576,COUNT(F$14:F$1048576))
A4: Quarterly change | B4: =INDEX(B$14:B$1048576,COUNT(B$14:B$1048576))-INDEX(B$14:B$1048576,COUNT(B$14:B$1048576)-1) | C4: =INDEX(C$14:C$1048576,COUNT(C$14:C$1048576))-INDEX(C$14:C$1048576,COUNT(C$14:C$1048576)-1) | D4: =INDEX(D$14:D$1048576,COUNT(D$14:D$1048576))-INDEX(D$14:D$1048576,COUNT(D$14:D$1048576)-1) | E4: =INDEX(E$14:E$1048576,COUNT(E$14:E$1048576))-INDEX(E$14:E$1048576,COUNT(E$14:E$1048576)-1) | F4: =INDEX(F$14:F$1048576,COUNT(F$14:F$1048576))-INDEX(F$14:F$1048576,COUNT(F$14:F$1048576)-1)
A5: Max | B5: =MAX(B$14:B$1048576) | C5: =MAX(C$14:C$1048576) | D5: =MAX(D$14:D$1048576) | E5: =MAX(E$14:E$1048576) | F5: =MAX(F$14:F$1048576)
A6: Jobs created since new gov | B6: =INDEX(B$14:B$1048576,COUNT(B$14:B$1048576))-B$274 | C6: =INDEX(C$14:C$1048576,COUNT(C$14:C$1048576))-C$274 | D6: =INDEX(D$14:D$1048576,COUNT(D$14:D$1048576))-D$274 | E6: =INDEX(E$14:E$1048576,COUNT(E$14:E$1048576))-E$274 | F6: =INDEX(F$14:F$1048576,COUNT(F$14:F$1048576))-F$274
A7: Date of publication: | C7: 46100 | E7: Date of next publication: | F7: 46191
A8: Inquiries: Email: | C8: workforce.jobs@ons.gov.uk | E8: Telephone: | F8: 01633 455400
F9: Sources: Employer surveys, Labour Force Survey and administrative sources
A10: United Kingdom (thousands) seasonally adjusted
B11: Workforce jobs1 | C11: Employee jobs1 | D11: Self-employment jobs2 | E11: HM Forces | F11: Government- supported trainees2 3
B12: 1 | C12: 2 | D12: 3 | E12: 4 | F12: 5
B13: DYDC | C13: BCAJ | D13: DYZN | E13: LOJX | F13: LOJU
A14: Jun 59 | B14: 25555 | C14: 23125 | D14: 1835 | E14: 595 | F14: 0
A15: Sep 59 | B15: 25660 | C15: 23248 | D15: 1834 | E15: 577 | F15: 0
A16: Dec 59 | B16: 25751 | C16: 23370 | D16: 1820 | E16: 560 | F16: 0
A17: Mar 60 | B17: 25905 | C17: 23531 | D17: 1824 | E17: 550 | F17: 0
A18: Jun 60 | B18: 26015 | C18: 23634 | D18: 1840 | E18: 541 | F18: 0
A19: Sep 60 | B19: 26060 | C19: 23685 | D19: 1839 | E19: 536 | F19: 0
A20: Dec 60 | B20: 26246 | C20: 23894 | D20: 1827 | E20: 526 | F20: 0
A21: Mar 61 | B21: 26345 | C21: 24011 | D21: 1827 | E21: 507 | F21: 0
A22: Jun 61 | B22: 26312 | C22: 23985 | D22: 1832 | E22: 495 | F22: 0
A23: Sep 61 | B23: 26374 | C23: 24065 | D23: 1824 | E23: 485 | F23: 0
A24: Dec 61 | B24: 26301 | C24: 24014 | D24: 1812 | E24: 475 | F24: 0
A25: Mar 62 | B25: 26450 | C25: 24175 | D25: 1809 | E25: 466 | F25: 0
... A280: Dec 25 (p) | B280: 36563 | C280: 32323 | D280: 4037 | E280: 148 | F280: 54

Sheet 10
A1: Redundancies
B2: People | D2: Men | F2: Women
B3: Level | C3: Rate per thousand | D3: Level | E3: Rate per thousand | F3: Level | G3: Rate per thousand
A4: Current | B4: =B$423 | C4: =C$423 | D4: =D$423 | E4: =E$423 | F4: =F$423 | G4: =G$423
A5: Quarterly change | B5: =B$423-B$420 | C5: =C$423-C$420 | D5: =D$423-D$420 | E5: =E$423-E$420 | F5: =F$423-F$420 | G5: =G$423-G$420
A6: year on year change | B6: =B$423-B$411 | C6: =C$423-C$411 | D6: =D$423-D$411 | E6: =E$423-E$411 | F6: =F$423-F$411 | G6: =G$423-G$411
A7: Since pandemic | B7: =B$423-B$351 | C7: =C$423-C$351 | D7: =D$423-D$351 | E7: =E$423-E$351 | F7: =F$423-F$351 | G7: =G$423-G$351
A8: Since 2010 election | B8: =B$423-B$233 | C8: =C$423-C$233 | D8: =D$423-D$233 | E8: =E$423-E$233 | F8: =F$423-F$233 | G8: =G$423-G$233
A10: Date of publication: | B10: 46133 | F10: Date of next publication: | G10: 46161
A11: Inquiries: Email: | B11: labour.market@ons.gov.uk | F11: Telephone: | G11: 01633 455400
A12: United Kingdom (thousands)
B13: People | D13: Men | F13: Women
B15: Level1 | C15: Rate per thousand2 | D15: Level1 | E15: Rate per thousand2 | F15: Level1 | G15: Rate per thousand2
A16: Dataset identifier code | B16: BEAO | C16: BEIR | D16: BEIU | E16: BEIX | F16: BEJA | G16: BEJD
A18: Mar-May 1992 | B18: .. | C18: .. | D18: .. | E18: .. | F18: .. | G18: ..
A19: Apr-Jun 1992 | B19: .. | C19: .. | D19: .. | E19: .. | F19: .. | G19: ..
A20: May-Jul 1992 | B20: .. | C20: .. | D20: .. | E20: .. | F20: .. | G20: ..
A21: Jun-Aug 1992 | B21: .. | C21: .. | D21: .. | E21: .. | F21: .. | G21: ..
A22: Jul-Sep 1992 | B22: .. | C22: .. | D22: .. | E22: .. | F22: .. | G22: ..
A23: Aug-Oct 1992 | B23: .. | C23: .. | D23: .. | E23: .. | F23: .. | G23: ..
A24: Sep-Nov 1992 | B24: .. | C24: .. | D24: .. | E24: .. | F24: .. | G24: ..
A25: Oct-Dec 1992 | B25: .. | C25: .. | D25: .. | E25: .. | F25: .. | G25: ..
A26: Nov-Jan 1993 | B26: .. | C26: .. | D26: .. | E26: .. | F26: .. | G26: ..
A27: Dec-Feb 1993 | B27: .. | C27: .. | D27: .. | E27: .. | F27: .. | G27: ..
A28: Jan-Mar 1993 | B28: .. | C28: .. | D28: .. | E28: .. | F28: .. | G28: ..
... A53: Feb-Apr 1995 | B53: .. | C53: .. | D53: .. | E53: .. | F53: .. | G53: ..
A54: Mar-May 1995 | B54: 178580 | C54: 8.251544 | D54: 110631 | E54: 9.9189782 | F54: 67949 | G54: 6.4784023
A55: Apr-Jun 1995 | B55: 178249 | C55: 8.2250899 | D55: 109540 | E55: 9.8141913 | F55: 68709 | G55: 6.5374969
A56: May-Jul 1995 | B56: 168000 | C56: 7.7329073 | D56: 103867 | E56: 9.2790908 | F56: 64133 | G56: 6.0895355
A57: Jun-Aug 1995 | B57: 163905 | C57: 7.5347454 | D57: 104365 | E57: 9.2990437 | F57: 59540 | G57: 5.6543068
A58: Jul-Sep 1995 | B58: 164420 | C58: 7.5466264 | D58: 105296 | E58: 9.3726495 | F58: 59124 | G58: 5.6026685
A59: Aug-Oct 1995 | B59: 166301 | C59: 7.614352 | D59: 109483 | E59: 9.7290985 | F59: 56818 | G59: 5.3666099
A60: Sep-Nov 1995 | B60: 172777 | C60: 7.8856048 | D60: 110607 | E60: 9.7931999 | F60: 62170 | G60: 5.8561635
A61: Oct-Dec 1995 | B61: 162067 | C61: 7.3918845 | D61: 105156 | E61: 9.3096925 | F61: 56911 | G61: 5.353978
A62: Nov-Jan 1996 | B62: 179069 | C62: 8.1652749 | D62: 118724 | E62: 10.525961 | F62: 60345 | G62: 5.6654558
A63: Dec-Feb 1996 | B63: 181867 | C63: 8.2774116 | D63: 119522 | E63: 10.572536 | F63: 62345 | G63: 5.8449181
A64: Jan-Mar 1996 | B64: 195674 | C64: 8.866101 | D64: 130879 | E64: 11.520213 | F64: 64795 | G64: 6.0504675
A65: Feb-Apr 1996 | B65: 180895 | C65: 8.1844071 | D65: 118927 | E65: 10.471299 | F65: 61968 | G65: 5.7671641
... A423: Dec-Feb 2026 | B423: 136361 | C423: 4.5866316 | D423: 71145 | E423: 4.8314924 | F423: 65216 | G423: 4.346333

Sheet 11
C1: Economic inactivity by reason (thousands) | M1: Percentage of economically inactive (%)
B2: Total economically inactive aged 16-64 (thousands)4 | C2: Student | D2: Looking after family / home | E2: Temp sick | F2: Long-term sick | G2: Discouraged workers1 | H2: Retired | I2: Other2 | J2: Does not want job (thousands) | K2: Wants a job (thousands) | L2: Total economically inactive aged 16-64 | M2: Student | N2: Looking after family / home | O2: Temp sick | P2: Long-term sick | Q2: Discouraged workers1 | R2: Retired | S2: Other2 | T2: Does not want job (%age of economically inactive) | U2: Wants a job (%age of economically inactive)
A3: Current | B3: =B$422 | C3: =C$422 | D3: =D$422 | E3: =E$422 | F3: =F$422 | G3: =G$422 | H3: =H$422 | I3: =I$422 | ... U3: =U$422
A4: Quarterly change | B4: =B$422-B$419 | C4: =C$422-C$419 | D4: =D$422-D$419 | E4: =E$422-E$419 | F4: =F$422-F$419 | G4: =G$422-G$419 | H4: =H$422-H$419 | I4: =I$422-I$419 | ... U4: =U$422-U$419
A5: year on year change | B5: =B$422-B$410 | C5: =C$422-C$410 | D5: =D$422-D$410 | E5: =E$422-E$410 | F5: =F$422-F$410 | G5: =G$422-G$410 | H5: =H$422-H$410 | I5: =I$422-I$410 | ... U5: =U$422-U$410
A6: Since pandemic | B6: =B$422-B$350 | C6: =C$422-C$350 | D6: =D$422-D$350 | E6: =E$422-E$350 | F6: =F$422-F$350 | G6: =G$422-G$350 | H6: =H$422-H$350 | I6: =I$422-I$350 | ... U6: =U$422-U$350
A7: Since 2010 election | B7: =B$422-B$232 | C7: =C$422-C$232 | D7: =D$422-D$232 | E7: =E$422-E$232 | F7: =F$422-F$232 | G7: =G$422-G$232 | H7: =H$422-H$232 | I7: =I$422-I$232 | ... U7: =U$422-U$232
A9: Date of publication: | B9: 46133 | G9: Date of next publication: | I9: 46161
A10: Inquiries: Email: | B10: labour.market@ons.gov.uk | H10: Telephone: | I10: 01633 455400 | AW10: Source: Labour Force Survey
A11: United Kingdom (thousands) seasonally adjusted
C12: Economic inactivity by reason (thousands) | M12: Percentage of economically inactive (%) | W12: Economic inactivity by wants a job (thousands) | AD12: Percentage of economically inactive by wants a job (%) | AK12: Economic inactivity by does not want a job (thousands) | AR12: Percentage of economically inactive by does not want a job (%)
B13: Total economically inactive aged 16-64 (thousands)4 | C13: Student | D13: Looking after family / home | E13: Temp sick | F13: Long-term sick | G13: Discouraged workers1 | H13: Retired | I13: Other2 | J13: Does not want job (thousands) | K13: Wants a job (thousands) | L13: Total economically inactive aged 16-64 | M13: Student | N13: Looking after family / home | O13: Temp sick | P13: Long-term sick | Q13: Discouraged workers1 | R13: Retired | S13: Other2 | T13: Does not want job (%age of economically inactive) | U13: Wants a job (%age of economically inactive) | V13: Total economically inactive wants a job aged 16-64 (thousands) | W13: Student | X13: Looking after family / home | Y13: Temp sick | Z13: Long-term sick | AA13: Discouraged workers1 | AB13: Other2 | AC13: Total wants a job aged 16-64 | AD13: Student | AE13: Looking after family / home | AF13: Temp sick | AG13: Long-term sick | AH13: Discouraged workers1 | AI13: Other2 | AJ13: Total economically inactive does not want a job aged 16-64 (thousands) | AK13: Student | AL13: Looking after family / home | AM13: Temp sick | AN13: Long-term sick | AO13: Retired | AP13: Other2 | AQ13: Total does not want a job aged 16-64 | AR13: Student | AS13: Looking after family / home | AT13: Temp sick | AU13: Long-term sick | AV13: Retired | AW13: Other2
A15: Dataset identifier code | C15: LF63 | D15: LF65 | E15: LF67 | F15: LF69 | G15: LFL8 | H15: LF6B | I15: LF6D | J15: LFL9 | K15: LFM2 | L15: LF6V | M15: LF6X | N15: LF6Z | O15: LF73 | P15: LF75 | Q15: LF77 | R15: LF79 | S15: LF7B | T15: LF7D | U15: LF7F | V15: LFM2 | W15: LF6F | X15: LFP7 | Y15: LF6H | Z15: LFP8 | AA15: LF8B | AB15: LF6J | AC15: LF7H | AD15: LF7J | AE15: LF7L | AF15: LF7N | AG15: LF7P | AH15: LF7R | AI15: LF7T | AJ15: LFL9 | AK15: LF6L | AL15: LF6N | AM15: LF6P | AN15: LF6R | AO15: LF8E | AP15: LF6T | AQ15: LF7V | AR15: LF7X | AS15: LF7Z | AT15: LF83 | AU15: LF85 | AV15: LF87 | AW15: LF89
A17: Mar-May 1992 | B17: 8428354.6 | C17: .. | D17: .. | E17: .. | F17: .. | G17: .. | H17: .. | I17: .. | J17: .. | K17: .. | L17: 100 | M17: .. | N17: .. | O17: .. | P17: .. | Q17: .. | R17: .. | S17: .. | T17: .. | U17: .. | V17: 1989330.4 | W17: .. | X17: .. | Y17: .. | Z17: .. | AA17: .. | AB17: .. | AC17: 100 | AD17: .. | AE17: .. | AF17: .. | AG17: .. | AH17: .. | AI17: .. | AJ17: 6439024.2 | AK17: .. | AL17: .. | AM17: .. | AN17: .. | AO17: .. | AP17: .. | AQ17: 100 | AR17: .. | AS17: .. | AT17: .. | AU17: .. | AV17: .. | AW17: ..
A18: Apr-Jun 1992 | B18: 8481002.7 | C18: .. | D18: .. | E18: .. | F18: .. | G18: .. | H18: .. | I18: .. | J18: .. | K18: .. | L18: 100 | M18: .. | N18: .. | O18: .. | P18: .. | Q18: .. | R18: .. | S18: .. | T18: .. | U18: .. | V18: 1985287.1 | W18: .. | X18: .. | Y18: .. | Z18: .. | AA18: .. | AB18: .. | AC18: 100 | AD18: .. | AE18: .. | AF18: .. | AG18: .. | AH18: .. | AI18: .. | AJ18: 6495715.6 | AK18: .. | AL18: .. | AM18: .. | AN18: .. | AO18: .. | AP18: .. | AQ18: 100 | AR18: .. | AS18: .. | AT18: .. | AU18: .. | AV18: .. | AW18: ..
A19: May-Jul 1992 | B19: 8506768.3 | C19: .. | D19: .. | E19: .. | F19: .. | G19: .. | H19: .. | I19: .. | J19: .. | K19: .. | L19: 100 | M19: .. | N19: .. | O19: .. | P19: .. | Q19: .. | R19: .. | S19: .. | T19: .. | U19: .. | V19: 1991311.2 | W19: .. | X19: .. | Y19: .. | Z19: .. | AA19: .. | AB19: .. | AC19: 100 | AD19: .. | AE19: .. | AF19: .. | AG19: .. | AH19: .. | AI19: .. | AJ19: 6515457.1 | AK19: .. | AL19: .. | AM19: .. | AN19: .. | AO19: .. | AP19: .. | AQ19: 100 | AR19: .. | AS19: .. | AT19: .. | AU19: .. | AV19: .. | AW19: ..
A20: Jun-Aug 1992 | B20: 8500965.7 | C20: .. | D20: .. | E20: .. | F20: .. | G20: .. | H20: .. | I20: .. | J20: .. | K20: .. | L20: 100 | M20: .. | N20: .. | O20: .. | P20: .. | Q20: .. | R20: .. | S20: .. | T20: .. | U20: .. | V20: 2000140.9 | W20: .. | X20: .. | Y20: .. | Z20: .. | AA20: .. | AB20: .. | AC20: 100 | AD20: .. | AE20: .. | AF20: .. | AG20: .. | AH20: .. | AI20: .. | AJ20: 6500824.9 | AK20: .. | AL20: .. | AM20: .. | AN20: .. | AO20: .. | AP20: .. | AQ20: 100 | AR20: .. | AS20: .. | AT20: .. | AU20: .. | AV20: .. | AW20: ..
A21: Jul-Sep 1992 | B21: 8511906.3 | C21: .. | D21: .. | E21: .. | F21: .. | G21: .. | H21: .. | I21: .. | J21: .. | K21: .. | L21: 100 | M21: .. | N21: .. | O21: .. | P21: .. | Q21: .. | R21: .. | S21: .. | T21: .. | U21: .. | V21: 1995638.4 | W21: .. | X21: .. | Y21: .. | Z21: .. | AA21: .. | AB21: .. | AC21: 100 | AD21: .. | AE21: .. | AF21: .. | AG21: .. | AH21: .. | AI21: .. | AJ21: 6516267.9 | AK21: .. | AL21: .. | AM21: .. | AN21: .. | AO21: .. | AP21: .. | AQ21: 100 | AR21: .. | AS21: .. | AT21: .. | AU21: .. | AV21: .. | AW21: ..
A22: Aug-Oct 1992 | B22: 8525902.4 | C22: .. | D22: .. | E22: .. | F22: .. | G22: .. | H22: .. | I22: .. | J22: .. | K22: .. | L22: 100 | M22: .. | N22: .. | O22: .. | P22: .. | Q22: .. | R22: .. | S22: .. | T22: .. | U22: .. | V22: 1996011.9 | W22: .. | X22: .. | Y22: .. | Z22: .. | AA22: .. | AB22: .. | AC22: 100 | AD22: .. | AE22: .. | AF22: .. | AG22: .. | AH22: .. | AI22: .. | AJ22: 6529890.5 | AK22: .. | AL22: .. | AM22: .. | AN22: .. | AO22: .. | AP22: .. | AQ22: 100 | AR22: .. | AS22: .. | AT22: .. | AU22: .. | AV22: .. | AW22: ..
A23: Sep-Nov 1992 | B23: 8511037.4 | C23: .. | D23: .. | E23: .. | F23: .. | G23: .. | H23: .. | I23: .. | J23: .. | K23: .. | L23: 100 | M23: .. | N23: .. | O23: .. | P23: .. | Q23: .. | R23: .. | S23: .. | T23: .. | U23: .. | V23: 2003703.5 | W23: .. | X23: .. | Y23: .. | Z23: .. | AA23: .. | AB23: .. | AC23: 100 | AD23: .. | AE23: .. | AF23: .. | AG23: .. | AH23: .. | AI23: .. | AJ23: 6507333.9 | AK23: .. | AL23: .. | AM23: .. | AN23: .. | AO23: .. | AP23: .. | AQ23: 100 | AR23: .. | AS23: .. | AT23: .. | AU23: .. | AV23: .. | AW23: ..
A24: Oct-Dec 1992 | B24: 8536284.2 | C24: .. | D24: .. | E24: .. | F24: .. | G24: .. | H24: .. | I24: .. | J24: .. | K24: .. | L24: 100 | M24: .. | N24: .. | O24: .. | P24: .. | Q24: .. | R24: .. | S24: .. | T24: .. | U24: .. | V24: 2012595.8 | W24: .. | X24: .. | Y24: .. | Z24: .. | AA24: .. | AB24: .. | AC24: 100 | AD24: .. | AE24: .. | AF24: .. | AG24: .. | AH24: .. | AI24: .. | AJ24: 6523688.4 | AK24: .. | AL24: .. | AM24: .. | AN24: .. | AO24: .. | AP24: .. | AQ24: 100 | AR24: .. | AS24: .. | AT24: .. | AU24: .. | AV24: .. | AW24: ..
A25: Nov-Jan 1993 | B25: 8518694 | C25: .. | D25: .. | E25: .. | F25: .. | G25: .. | H25: .. | I25: .. | J25: .. | K25: .. | L25: 100 | M25: .. | N25: .. | O25: .. | P25: .. | Q25: .. | R25: .. | S25: .. | T25: .. | U25: .. | V25: 2008652 | W25: .. | X25: .. | Y25: .. | Z25: .. | AA25: .. | AB25: .. | AC25: 100 | AD25: .. | AE25: .. | AF25: .. | AG25: .. | AH25: .. | AI25: .. | AJ25: 6510041.9 | AK25: .. | AL25: .. | AM25: .. | AN25: .. | AO25: .. | AP25: .. | AQ25: 100 | AR25: .. | AS25: .. | AT25: .. | AU25: .. | AV25: .. | AW25: ..
A26: Dec-Feb 1993 | B26: 8507114.4 | C26: .. | D26: .. | E26: .. | F26: .. | G26: .. | H26: .. | I26: .. | J26: .. | K26: .. | L26: 100 | M26: .. | N26: .. | O26: .. | P26: .. | Q26: .. | R26: .. | S26: .. | T26: .. | U26: .. | V26: 1977317.8 | W26: .. | X26: .. | Y26: .. | Z26: .. | AA26: .. | AB26: .. | AC26: 100 | AD26: .. | AE26: .. | AF26: .. | AG26: .. | AH26: .. | AI26: .. | AJ26: 6529796.6 | AK26: .. | AL26: .. | AM26: .. | AN26: .. | AO26: .. | AP26: .. | AQ26: 100 | AR26: .. | AS26: .. | AT26: .. | AU26: .. | AV26: .. | AW26: ..
A27: Jan-Mar 1993 | B27: 8518692.9 | C27: .. | D27: .. | E27: .. | F27: .. | G27: .. | H27: .. | I27: .. | J27: .. | K27: .. | L27: 100 | M27: .. | N27: .. | O27: .. | P27: .. | Q27: .. | R27: .. | S27: .. | T27: .. | U27: .. | V27: 2049599.5 | W27: .. | X27: .. | Y27: .. | Z27: .. | AA27: .. | AB27: .. | AC27: 100 | AD27: .. | AE27: .. | AF27: .. | AG27: .. | AH27: .. | AI27: .. | AJ27: 6469093.4 | AK27: .. | AL27: .. | AM27: .. | AN27: .. | AO27: .. | AP27: .. | AQ27: 100 | AR27: .. | AS27: .. | AT27: .. | AU27: .. | AV27: .. | AW27: ..
A28: Feb-Apr 1993 | B28: 8556560.4 | C28: .. | D28: .. | E28: .. | F28: .. | G28: .. | H28: .. | I28: .. | J28: .. | K28: .. | L28: 100 | M28: .. | N28: .. | O28: .. | P28: .. | Q28: .. | R28: .. | S28: .. | T28: .. | U28: .. | V28: 2105097.8 | W28: .. | X28: .. | Y28: .. | Z28: .. | AA28: .. | AB28: .. | AC28: 100 | AD28: .. | AE28: .. | AF28: .. | AG28: .. | AH28: .. | AI28: .. | AJ28: 6451462.6 | AK28: .. | AL28: .. | AM28: .. | AN28: .. | AO28: .. | AP28: .. | AQ28: 100 | AR28: .. | AS28: .. | AT28: .. | AU28: .. | AV28: .. | AW28: ..
A29: Mar-May 1993 | B29: 8556939.1 | C29: 1450577.4 | D29: 3023835.8 | E29: 206486.54 | F29: 1812698.2 | G29: 166551.64 | H29: 1084924.9 | I29: 811864.66 | J29: 6371717.6 | K29: 2185221.5 | L29: 100 | M29: 16.952059 | N29: 35.33782 | O29: 2.4130888 | P29: 21.183956 | Q29: 1.9463927 | R29: 12.67889 | S29: 9.487793 | T29: 74.46258 | U29: 25.53742 | V29: 2185221.5 | W29: 321683.77 | X29: 822488.65 | Y29: 127594.68 | Z29: 425620.19 | AA29: 166551.64 | AB29: 321282.59 | AC29: 100 | AD29: 14.720877 | AE29: 37.638685 | AF29: 5.8389817 | AG29: 19.47721 | AH29: 7.6217278 | AI29: 14.702518 | AJ29: 6371717.6 | AK29: 1128893.6 | AL29: 2201347.1 | AM29: 78891.853 | AN29: 1387078 | AO29: 1084924.9 | AP29: 490582.08 | AQ29: 100 | AR29: 17.717257 | AS29: 34.548724 | AT29: 1.2381568 | AU29: 21.769295 | AV29: 17.027197 | AW29: 7.6993695
A30: Apr-Jun 1993 | B30: 8564917.3 | C30: 1441377.5 | D30: 3016165.5 | E30: 201122.34 | F30: 1833950.4 | G30: 165495.06 | H30: 1100387.8 | I30: 806418.73 | J30: 6388254.1 | K30: 2176663.3 | L30: 100 | M30: 16.828855 | N30: 35.215349 | O30: 2.3482111 | P30: 21.412354 | Q30: 1.9322436 | R30: 12.847618 | S30: 9.4153708 | T30: 74.58629 | U30: 25.41371 | V30: 2176663.3 | W30: 299875.66 | X30: 818461.01 | Y30: 117664.36 | Z30: 439066.01 | AA30: 165495.06 | AB30: 336101.15 | AC30: 100 | AD30: 13.776851 | AE30: 37.601636 | AF30: 5.4057219 | AG30: 20.171518 | AH30: 7.6031541 | AI30: 15.441119 | AJ30: 6388254.1 | AK30: 1141501.8 | AL30: 2197704.5 | AM30: 83457.978 | AN30: 1394884.4 | AO30: 1100387.8 | AP30: 470317.57 | AQ30: 100 | AR30: 17.868761 | AS30: 34.402271 | AT30: 1.3064286 | AU30: 21.835142 | AV30: 17.225173 | AW30: 7.3622239
A31: May-Jul 1993 | B31: 8565281.5 | C31: 1425547.6 | D31: 2995974.6 | E31: 204581.48 | F31: 1856899.1 | G31: 170664.99 | H31: 1102862.4 | I31: 808751.29 | J31: 6345371.4 | K31: 2219910.2 | L31: 100 | M31: 16.643325 | N31: 34.978121 | O31: 2.3884968 | P31: 21.679371 | Q31: 1.9925205 | R31: 12.875963 | S31: 9.4422033 | T31: 74.082461 | U31: 25.917539 | V31: 2219910.2 | W31: 295175 | X31: 825886.99 | Y31: 118226.73 | Z31: 458888.14 | AA31: 170664.99 | AB31: 351068.32 | AC31: 100 | AD31: 13.296709 | AE31: 37.203622 | AF31: 5.3257439 | AG31: 20.671473 | AH31: 7.6879232 | AI31: 15.814528 | AJ31: 6345371.4 | AK31: 1130372.6 | AL31: 2170087.6 | AM31: 86354.746 | AN31: 1398011 | AO31: 1102862.4 | AP31: 457682.97 | AQ31: 100 | AR31: 17.814129 | AS31: 34.199536 | AT31: 1.3609093 | AU31: 22.031981 | AV31: 17.380581 | AW31: 7.2128635
A32: Jun-Aug 1993 | B32: 8606126.6 | C32: 1455065.1 | D32: 2979010.8 | E32: 198057.87 | F32: 1889398.1 | G32: 168378.82 | H32: 1104304.8 | I32: 811911.06 | J32: 6345666.2 | K32: 2260460.3 | L32: 100 | M32: 16.907317 | N32: 34.615001 | O32: 2.301359 | P32: 21.954105 | Q32: 1.9564995 | R32: 12.831612 | S32: 9.4341055 | T32: 73.734289 | U32: 26.265711 | V32: 2260460.3 | W32: 306488.1 | X32: 836374.91 | Y32: 110154.12 | Z32: 477492.37 | AA32: 168378.82 | AB32: 361572 | AC32: 100 | AD32: 13.558659 | AE32: 37.000203 | AF32: 4.8730836 | AG32: 21.123678 | AH32: 7.4488731 | AI32: 15.995503 | AJ32: 6345666.2 | AK32: 1148577 | AL32: 2142635.9 | AM32: 87903.75 | AN32: 1411905.7 | AO32: 1104304.8 | AP32: 450339.06 | AQ32: 100 | AR32: 18.10018 | AS32: 33.765342 | AT32: 1.3852564 | AU32: 22.249921 | AV32: 17.402504 | AW32: 7.0967971
A33: Jul-Sep 1993 | B33: 8583321 | C33: 1454588.2 | D33: 2975484.2 | E33: 199681.78 | F33: 1884448.4 | G33: 166363.74 | H33: 1101187.3 | I33: 801567.32 | J33: 6301060.4 | K33: 2282260.6 | L33: 100 | M33: 16.946683 | N33: 34.665885 | O33: 2.326393 | P33: 21.95477 | Q33: 1.9382211 | R33: 12.829385 | S33: 9.3386618 | T33: 73.410518 | U33: 26.589482 | V33: 2282260.6 | W33: 321267.6 | X33: 843780.58 | Y33: 113443.11 | Z33: 480165.36 | AA33: 166363.74 | AB33: 357240.18 | AC33: 100 | AD33: 14.076727 | AE33: 36.971264 | AF33: 4.9706468 | AG33: 21.039024 | AH33: 7.2894278 | AI33: 15.65291 | AJ33: 6301060.4 | AK33: 1133320.6 | AL33: 2131703.6 | AM33: 86238.664 | AN33: 1404283 | AO33: 1101187.3 | AP33: 444327.14 | AQ33: 100 | AR33: 17.986189 | AS33: 33.830871 | AT33: 1.3686373 | AU33: 22.286456 | AV33: 17.476222 | AW33: 7.0516248
A34: Aug-Oct 1993 | B34: 8586338.7 | C34: 1453767.2 | D34: 2966535.2 | E34: 194253.75 | F34: 1905032.6 | G34: 166390.99 | H34: 1103458.3 | I34: 796900.61 | J34: 6289442.9 | K34: 2296895.8 | L34: 100 | M34: 16.931165 | N34: 34.549478 | O34: 2.2623583 | P34: 22.186787 | Q34: 1.9378573 | R34: 12.851325 | S34: 9.2810293 | T34: 73.249415 | U34: 26.750585 | V34: 2296895.8 | W34: 321495.86 | X34: 847824.17 | Y34: 112111.64 | Z34: 492821.82 | AA34: 166390.99 | AB34: 356251.32 | AC34: 100 | AD34: 13.996972 | AE34: 36.911738 | AF34: 4.8810067 | AG34: 21.455994 | AH34: 7.244168 | AI34: 15.510121 | AJ34: 6289442.9 | AK34: 1132271.3 | AL34: 2118711 | AM34: 82142.107 | AN34: 1412210.8 | AO34: 1103458.3 | AP34: 440649.28 | AQ34: 100 | AR34: 18.002729 | AS34: 33.686784 | AT34: 1.3060315 | AU34: 22.453671 | AV34: 17.544611 | AW34: 7.0061735
A35: Sep-Nov 1993 | B35: 8589339.6 | C35: 1442758 | D35: 2974061.1 | E35: 197455.91 | F35: 1938253.7 | G35: 163300.04 | H35: 1086966.1 | I35: 786544.69 | J35: 6298665.8 | K35: 2290673.8 | L35: 100 | M35: 16.797077 | N35: 34.625027 | O35: 2.2988486 | P35: 22.565806 | Q35: 1.9011943 | R35: 12.654828 | S35: 9.1572196 | T35: 73.3312 | U35: 26.6688 | V35: 2290673.8 | W35: 322701.07 | X35: 836079.93 | Y35: 124187.54 | Z35: 498599.43 | AA35: 163300.04 | AB35: 345805.75 | AC35: 100 | AD35: 14.087605 | AE35: 36.499302 | AF35: 5.4214416 | AG35: 21.766497 | AH35: 7.1289085 | AI35: 15.096246 | AJ35: 6298665.8 | AK35: 1120056.9 | AL35: 2137981.2 | AM35: 73268.374 | AN35: 1439654.3 | AO35: 1086966.1 | AP35: 440738.95 | AQ35: 100 | AR35: 17.782447 | AS35: 33.943398 | AT35: 1.1632364 | AU35: 22.856496 | AV35: 17.257085 | AW35: 6.9973381
A36: Oct-Dec 1993 | B36: 8585353.6 | C36: 1427616.3 | D36: 2990072.9 | E36: 207545.9 | F36: 1929738.3 | G36: 163644.32 | H36: 1086177.3 | I36: 780558.47 | J36: 6257681.3 | K36: 2327672.3 | L36: 100 | M36: 16.628509 | N36: 34.827604 | O36: 2.4174415 | P36: 22.477098 | Q36: 1.9060871 | R36: 12.651515 | S36: 9.0917452 | T36: 72.887869 | U36: 27.112131 | V36: 2327672.3 | W36: 329727.26 | X36: 851834.16 | Y36: 130188.95 | Z36: 512135.02 | AA36: 163644.32 | AB36: 340142.56 | AC36: 100 | AD36: 14.165536 | AE36: 36.595966 | AF36: 5.5930961 | AG36: 22.002024 | AH36: 7.0303848 | AI36: 14.612992 | AJ36: 6257681.3 | AK36: 1097889.1 | AL36: 2138238.8 | AM36: 77356.953 | AN36: 1417603.3 | AO36: 1086177.3 | AP36: 440415.91 | AQ36: 100 | AR36: 17.544663 | AS36: 34.169825 | AT36: 1.2361919 | AU36: 22.653811 | AV36: 17.357505 | AW36: 7.0380047
A37: Nov-Jan 1994 | B37: 8585252.1 | C37: 1421722.1 | D37: 2998779.5 | E37: 217125.12 | F37: 1925873.3 | G37: 161179.65 | H37: 1079535.1 | I37: 781037.34 | J37: 6258481.8 | K37: 2326770.4 | L37: 100 | M37: 16.560051 | N37: 34.929428 | O37: 2.5290477 | P37: 22.432344 | Q37: 1.8774014 | R37: 12.574297 | S37: 9.0974304 | T37: 72.898055 | U37: 27.101945 | V37: 2326770.4 | W37: 319191.92 | X37: 855899.91 | Y37: 138164.66 | Z37: 516528.38 | AA37: 161179.65 | AB37: 335805.84 | AC37: 100 | AD37: 13.718239 | AE37: 36.78489 | AF37: 5.9380444 | AG37: 22.199371 | AH37: 6.9271833 | AI37: 14.432273 | AJ37: 6258481.8 | AK37: 1102530.2 | AL37: 2142879.6 | AM37: 78960.468 | AN37: 1409344.9 | AO37: 1079535.1 | AP37: 445231.5 | AQ37: 100 | AR37: 17.616576 | AS37: 34.239607 | AT37: 1.2616553 | AU37: 22.518959 | AV37: 17.249154 | AW37: 7.1140496
A38: Dec-Feb 1994 | B38: 8586856.7 | C38: 1424344.4 | D38: 3003523.3 | E38: 220858 | F38: 1918251.3 | G38: 168968.6 | H38: 1089950.7 | I38: 760960.48 | J38: 6245867.9 | K38: 2340988.8 | L38: 100 | M38: 16.587494 | N38: 34.978146 | O38: 2.5720471 | P38: 22.339389 | Q38: 1.9677584 | R38: 12.693245 | S38: 8.8619213 | T38: 72.737535 | U38: 27.262465 | V38: 2340988.8 | W38: 327190.8 | X38: 853721.38 | Y38: 135831.22 | Z38: 534354.66 | AA38: 168968.6 | AB38: 320922.12 | AC38: 100 | AD38: 13.976607 | AE38: 36.46841 | AF38: 5.8023011 | AG38: 22.826024 | AH38: 7.2178303 | AI38: 13.708828 | AJ38: 6245867.9 | AK38: 1097153.6 | AL38: 2149801.9 | AM38: 85026.783 | AN38: 1383896.6 | AO38: 1089950.7 | AP38: 440038.36 | AQ38: 100 | AR38: 17.56607 | AS38: 34.419586 | AT38: 1.3613285 | AU38: 22.156995 | AV38: 17.450749 | AW38: 7.0452717
A39: Jan-Mar 1994 | B39: 8580490.6 | C39: 1435627.5 | D39: 2996842.8 | E39: 212466.49 | F39: 1911115.3 | G39: 169323.02 | H39: 1087224 | I39: 767891.47 | J39: 6272426.8 | K39: 2308063.8 | L39: 100 | M39: 16.731299 | N39: 34.92624 | O39: 2.4761578 | P39: 22.272798 | Q39: 1.973349 | R39: 12.670884 | S39: 8.9492723 | T39: 73.101027 | U39: 26.898973 | V39: 2308063.8 | W39: 313162.87 | X39: 850810.53 | Y39: 131975.31 | Z39: 520769.17 | AA39: 169323.02 | AB39: 322022.93 | AC39: 100 | AD39: 13.568206 | AE39: 36.862522 | AF39: 5.7180094 | AG39: 22.563032 | AH39: 7.33615 | AI39: 13.952081 | AJ39: 6272426.8 | AK39: 1122464.6 | AL39: 2146032.3 | AM39: 80491.178 | AN39: 1390346.2 | AO39: 1087224 | AP39: 445868.54 | AQ39: 100 | AR39: 17.895221 | AS39: 34.213747 | AT39: 1.2832542 | AU39: 22.166001 | AV39: 17.333387 | AW39: 7.1083897
A40: Feb-Apr 1994 | B40: 8586251.7 | C40: 1428352.2 | D40: 2995657.8 | E40: 207893.64 | F40: 1937922.3 | G40: 165422.91 | H40: 1083265.8 | I40: 767736.97 | J40: 6262400.7 | K40: 2323851 | L40: 100 | M40: 16.63534 | N40: 34.889005 | O40: 2.4212387 | P40: 22.570062 | Q40: 1.9266021 | R40: 12.616283 | S40: 8.9414684 | T40: 72.93521 | U40: 27.06479 | V40: 2323851 | W40: 322181.18 | X40: 839530.27 | Y40: 131772.23 | Z40: 541082.24 | AA40: 165422.91 | AB40: 323862.16 | AC40: 100 | AD40: 13.864107 | AE40: 36.126683 | AF40: 5.6704251 | AG40: 23.283861 | AH40: 7.1184817 | AI40: 13.936442 | AJ40: 6262400.7 | AK40: 1106171 | AL40: 2156127.5 | AM40: 76121.415 | AN40: 1396840.1 | AO40: 1083265.8 | AP40: 443874.82 | AQ40: 100 | AR40: 17.663689 | AS40: 34.429728 | AT40: 1.2155309 | AU40: 22.305186 | AV40: 17.297932 | AW40: 7.0879339
... A422: Dec-Feb 2026 | B422: 9115676.1 | C422: 2464079.2 | D422: 1550075.8 | E422: 204747.12 | F422: 2788422.9 | G422: 29729.107 | H422: 1040612.2 | I422: 1038009.9 | J422: 7018154.2 | K422: 2097521.9 | L422: 100 | M422: 27.031228 | N422: 17.004507 | O422: 2.2460991 | P422: 30.589315 | Q422: 0.32613167 | R422: 11.415633 | S422: 11.387086 | T422: 76.989947 | U422: 23.010053 | V422: 2097521.9 | W422: 529090.34 | X422: 385748.85 | Y422: 108645 | Z422: 700001.67 | AA422: 18475.402 | AB422: 355537.87 | AC422: 100 | AD422: 25.224544 | AE422: 18.390694 | AF422: 5.1796836 | AG422: 33.372794 | AH422: 0.88082045 | AI422: 16.950377 | AJ422: 7018154.2 | AK422: 1948127.4 | AL422: 1170395 | AM422: 97186.962 | AN422: 2102848.2 | AO422: 1012683.3 | AP422: 687766.02 | AQ422: 100 | AR422: 27.758401 | AS422: 16.676678 | AT422: 1.3847938 | AU422: 29.962981 | AV422: 14.429482 | AW422: 9.7998135

Sheet 13
A1: Average Weekly Earnings — Total Pay (Nominal)
B2: Whole Economy | E2: Private sector | H2: Public sector | K2: Services (G-S) | N2: Finance & business (K-N) | Q2: Public excl. financial services | T2: Manufacturing (C) | W2: Construction (F) | Z2: Wholesale, retail, hotels & restaurants (G & I)
B3: Weekly Earnings (£) | C3: % change year on year | E3: Weekly Earnings (£) | F3: % change year on year | H3: Weekly Earnings (£) | I3: % change year on year | K3: Weekly Earnings (£) | L3: % change year on year | N3: Weekly Earnings (£) | O3: % change year on year | Q3: Weekly Earnings (£) | R3: % change year on year | T3: Weekly Earnings (£) | U3: % change year on year | W3: Weekly Earnings (£) | X3: % change year on year | Z3: Weekly Earnings (£) | AA3: % change year on year
A4: Current (3mo avg) | B4: =AVERAGE(B$329:B$331) | C4: =C$331 | D4: =D$331 | E4: =AVERAGE(E$329:E$331) | F4: =F$331 | G4: =G$331 | H4: =AVERAGE(H$329:H$331) | I4: =I$331 | J4: =J$331 | K4: =AVERAGE(K$329:K$331) | L4: =L$331 | M4: =M$331 | N4: =AVERAGE(N$329:N$331) | O4: =O$331 | P4: =P$331 | Q4: =AVERAGE(Q$329:Q$331) | R4: =R$331 | S4: =S$331 | T4: =AVERAGE(T$329:T$331) | U4: =U$331 | V4: =V$331 | W4: =AVERAGE(W$329:W$331) | X4: =X$331 | Y4: =Y$331 | Z4: =AVERAGE(Z$329:Z$331) | AA4: =AA$331 | AB4: =AB$331
A5: Change on quarter | B5: =(AVERAGE(B$329:B$331)-AVERAGE(B$326:B$328))*52 | C5: =C$331-C$328 | D5: =D$331-D$328 | E5: =(AVERAGE(E$329:E$331)-AVERAGE(E$326:E$328))*52 | F5: =F$331-F$328 | G5: =G$331-G$328 | H5: =(AVERAGE(H$329:H$331)-AVERAGE(H$326:H$328))*52 | I5: =I$331-I$328 | J5: =J$331-J$328 | K5: =(AVERAGE(K$329:K$331)-AVERAGE(K$326:K$328))*52 | L5: =L$331-L$328 | M5: =M$331-M$328 | N5: =(AVERAGE(N$329:N$331)-AVERAGE(N$326:N$328))*52 | O5: =O$331-O$328 | P5: =P$331-P$328 | Q5: =(AVERAGE(Q$329:Q$331)-AVERAGE(Q$326:Q$328))*52 | R5: =R$331-R$328 | S5: =S$331-S$328 | T5: =(AVERAGE(T$329:T$331)-AVERAGE(T$326:T$328))*52 | U5: =U$331-U$328 | V5: =V$331-V$328 | W5: =(AVERAGE(W$329:W$331)-AVERAGE(W$326:W$328))*52 | X5: =X$331-X$328 | Y5: =Y$331-Y$328 | Z5: =(AVERAGE(Z$329:Z$331)-AVERAGE(Z$326:Z$328))*52 | AA5: =AA$331-AA$328 | AB5: =AB$331-AB$328
A6: Change year on year | B6: =(AVERAGE(B$329:B$331)-AVERAGE(B$317:B$319))*52 | C6: =C$331-C$319 | D6: =D$331-D$319 | E6: =(AVERAGE(E$329:E$331)-AVERAGE(E$317:E$319))*52 | F6: =F$331-F$319 | G6: =G$331-G$319 | H6: =(AVERAGE(H$329:H$331)-AVERAGE(H$317:H$319))*52 | I6: =I$331-I$319 | J6: =J$331-J$319 | K6: =(AVERAGE(K$329:K$331)-AVERAGE(K$317:K$319))*52 | L6: =L$331-L$319 | M6: =M$331-M$319 | N6: =(AVERAGE(N$329:N$331)-AVERAGE(N$317:N$319))*52 | O6: =O$331-O$319 | P6: =P$331-P$319 | Q6: =(AVERAGE(Q$329:Q$331)-AVERAGE(Q$317:Q$319))*52 | R6: =R$331-R$319 | S6: =S$331-S$319 | T6: =(AVERAGE(T$329:T$331)-AVERAGE(T$317:T$319))*52 | U6: =U$331-U$319 | V6: =V$331-V$319 | W6: =(AVERAGE(W$329:W$331)-AVERAGE(W$317:W$319))*52 | X6: =X$331-X$319 | Y6: =Y$331-Y$319 | Z6: =(AVERAGE(Z$329:Z$331)-AVERAGE(Z$317:Z$319))*52 | AA6: =AA$331-AA$319 | AB6: =AB$331-AB$319
A7: Change since Covid-19 | B7: =(AVERAGE(B$329:B$331)-AVERAGE(B$257:B$259))*52 | C7: =C$331-AVERAGE(C$257:C$259) | D7: =D$331-AVERAGE(D$257:D$259) | E7: =(AVERAGE(E$329:E$331)-AVERAGE(E$257:E$259))*52 | F7: =F$331-AVERAGE(F$257:F$259) | G7: =G$331-AVERAGE(G$257:G$259) | H7: =(AVERAGE(H$329:H$331)-AVERAGE(H$257:H$259))*52 | I7: =I$331-AVERAGE(I$257:I$259) | J7: =J$331-AVERAGE(J$257:J$259) | K7: =(AVERAGE(K$329:K$331)-AVERAGE(K$257:K$259))*52 | L7: =L$331-AVERAGE(L$257:L$259) | M7: =M$331-AVERAGE(M$257:M$259) | N7: =(AVERAGE(N$329:N$331)-AVERAGE(N$257:N$259))*52 | O7: =O$331-AVERAGE(O$257:O$259) | P7: =P$331-AVERAGE(P$257:P$259) | Q7: =(AVERAGE(Q$329:Q$331)-AVERAGE(Q$257:Q$259))*52 | R7: =R$331-AVERAGE(R$257:R$259) | S7: =S$331-AVERAGE(S$257:S$259) | T7: =(AVERAGE(T$329:T$331)-AVERAGE(T$257:T$259))*52 | U7: =U$331-AVERAGE(U$257:U$259) | V7: =V$331-AVERAGE(V$257:V$259) | W7: =(AVERAGE(W$329:W$331)-AVERAGE(W$257:W$259))*52 | X7: =X$331-AVERAGE(X$257:X$259) | Y7: =Y$331-AVERAGE(Y$257:Y$259) | Z7: =(AVERAGE(Z$329:Z$331)-AVERAGE(Z$257:Z$259))*52 | AA7: =AA$331-AVERAGE(AA$257:AA$259) | AB7: =AB$331-AVERAGE(AB$257:AB$259)
A8: Change since 2024 election | B8: =(AVERAGE(B$329:B$331)-AVERAGE(B$309:B$311))*52 | C8: =C$331-AVERAGE(C$309:C$311) | D8: =D$331-AVERAGE(D$309:D$311) | E8: =(AVERAGE(E$329:E$331)-AVERAGE(E$309:E$311))*52 | F8: =F$331-AVERAGE(F$309:F$311) | G8: =G$331-AVERAGE(G$309:G$311) | H8: =(AVERAGE(H$329:H$331)-AVERAGE(H$309:H$311))*52 | I8: =I$331-AVERAGE(I$309:I$311) | J8: =J$331-AVERAGE(J$309:J$311) | K8: =(AVERAGE(K$329:K$331)-AVERAGE(K$309:K$311))*52 | L8: =L$331-AVERAGE(L$309:L$311) | M8: =M$331-AVERAGE(M$309:M$311) | N8: =(AVERAGE(N$329:N$331)-AVERAGE(N$309:N$311))*52 | O8: =O$331-AVERAGE(O$309:O$311) | P8: =P$331-AVERAGE(P$309:P$311) | Q8: =(AVERAGE(Q$329:Q$331)-AVERAGE(Q$309:Q$311))*52 | R8: =R$331-AVERAGE(R$309:R$311) | S8: =S$331-AVERAGE(S$309:S$311) | T8: =(AVERAGE(T$329:T$331)-AVERAGE(T$309:T$311))*52 | U8: =U$331-AVERAGE(U$309:U$311) | V8: =V$331-AVERAGE(V$309:V$311) | W8: =(AVERAGE(W$329:W$331)-AVERAGE(W$309:W$311))*52 | X8: =X$331-AVERAGE(X$309:X$311) | Y8: =Y$331-AVERAGE(Y$309:Y$311) | Z8: =(AVERAGE(Z$329:Z$331)-AVERAGE(Z$309:Z$311))*52 | AA8: =AA$331-AVERAGE(AA$309:AA$311) | AB8: =AB$331-AVERAGE(AB$309:AB$311)
C10: 46133 | J10: Date of next publication: | K10: 46161
C11: labour.market@ons.gov.uk | J11: Telephone: | K11: 01633 455400 | AB11: Source: Monthly Wages & Salaries Survey
B13: Whole Economy | E13: Private sector3 4 5 6 | H13: Public sector3 4 5 6 | K13: Services, SIC 2007 sections G-S | N13: Finance and business services, SIC 2007 sections K-N | Q13: Public sector excluding financial services 5 6 | T13: Manufacturing, SIC 2007 section C | W13: Construction, SIC 2007 section F | Z13: Wholesaling, retailing, hotels & restaurants, SIC 2007 sections G & I
B14: Weekly Earnings (£) | C14: % changes year on year | E14: Weekly Earnings (£) | F14: % changes year on year | H14: Weekly Earnings (£) | I14: % changes year on year | K14: Weekly Earnings (£) | L14: % changes year on year | N14: Weekly Earnings (£) | O14: % changes year on year | Q14: Weekly Earnings (£) | R14: % changes year on year | T14: Weekly Earnings (£) | U14: % changes year on year | W14: Weekly Earnings (£) | X14: % changes year on year | Z14: Weekly Earnings (£) | AA14: % changes year on year
C15: Single month | D15: 3 month average2 | F15: Single month | G15: 3 month average2 | I15: Single month | J15: 3 month average2 | L15: Single month | M15: 3 month average2 | O15: Single month | P15: 3 month average2 | R15: Single month | S15: 3 month average2 | U15: Single month | V15: 3 month average2 | X15: Single month | Y15: 3 month average2 | AA15: Single month | AB15: 3 month average2
B16: KAB9 | C16: KAC2 | D16: KAC3 | E16: KAC4 | F16: KAC5 | G16: KAC6 | H16: KAC7 | I16: KAC8 | J16: KAC9 | K16: K5BZ | L16: K5C2 | M16: K5C3 | N16: K5C4 | O16: K5C5 | P16: K5C6 | Q16: KAD8 | R16: KAD9 | S16: KAE2 | T16: K5CA | U16: K5CB | V16: K5CC | W16: K5CD | X16: K5CE | Y16: K5CF | Z16: K5CG | AA16: K5CH | AB16: K5CI
A18: 36526 | B18: 304.72293 | E18: 304.95015 | H18: 313.29054 | K18: 290.1503 | N18: 358.45319 | Q18: 312.8577 | T18: 362.9179 | W18: 356.44273 | Z18: 208.69443
A19: 36557 | B19: 299.81858 | E19: 296.22775 | H19: 314.92407 | K19: 283.09674 | N19: 339.63872 | Q19: 314.49888 | T19: 356.06462 | W19: 362.71112 | Z19: 209.18651
A20: 36586 | B20: 311.41872 | E20: 308.88204 | H20: 312.30939 | K20: 296.13452 | N20: 384.19807 | Q20: 311.57617 | T20: 357.5738 | W20: 358.22823 | Z20: 207.99583
A21: 36617 | B21: 308.74876 | E21: 308.67604 | H21: 309.39488 | K21: 291.03444 | N21: 373.26554 | Q21: 310.23049 | T21: 365.81605 | W21: 360.13142 | Z21: 209.35112
A22: 36647 | B22: 311.17877 | E22: 311.35841 | H22: 309.9174 | K22: 295.84062 | N22: 380.36826 | Q22: 310.61169 | T22: 362.06068 | W22: 363.8028 | Z22: 211.40595
A23: 36678 | B23: 310.50014 | E23: 309.11833 | H23: 312.12478 | K23: 295.04085 | N23: 378.67914 | Q23: 312.24515 | T23: 361.60258 | W23: 367.83133 | Z23: 210.72793
A24: 36708 | B24: 313.05003 | E24: 313.17445 | H24: 312.12664 | K24: 298.15893 | N24: 381.72333 | Q24: 312.94115 | T24: 362.66381 | W24: 368.57406 | Z24: 211.39313
A25: 36739 | B25: 314.65479 | E25: 314.80315 | H25: 311.83305 | K25: 300.14559 | N25: 384.80206 | Q25: 312.77928 | T25: 362.6818 | W25: 372.7553 | Z25: 213.18152
A26: 36770 | B26: 316.80591 | E26: 316.94686 | H26: 314.49744 | K26: 301.98707 | N26: 389.08515 | Q26: 314.25035 | T26: 364.99869 | W26: 373.97265 | Z26: 214.2324
A27: 36800 | B27: 317.60096 | E27: 317.58941 | H27: 315.75776 | K27: 302.26231 | N27: 388.74465 | Q27: 315.50773 | T27: 366.51557 | W27: 379.6952 | Z27: 215.66587
A28: 36831 | B28: 319.53141 | E28: 319.45682 | H28: 318.03708 | K28: 304.06317 | N28: 391.71038 | Q28: 317.73481 | T28: 369.11936 | W28: 381.7144 | Z28: 217.13349
A29: 36861 | B29: 323.33491 | E29: 325.6304 | H29: 314.97341 | K29: 309.70497 | N29: 414.64635 | Q29: 316.18937 | T29: 369.40701 | W29: 391.93979 | Z29: 217.05391
A30: 36892 | B30: 321.29767 | C30: 5.4392826 | E30: 323.52593 | F30: 6.091415 | H30: 321.94016 | I30: 2.7608929 | K30: 308.49545 | L30: 6.3226371 | N30: 406.89465 | O30: 13.514026 | Q30: 321.58271 | R30: 2.788811 | T30: 371.96331 | U30: 2.4924125 | W30: 386.99856 | X30: 8.5724379 | Z30: 215.30329 | AA30: 3.1667644
A31: 36923 | B31: 324.81959 | C31: 8.3387125 | E31: 324.60423 | F31: 9.5792766 | H31: 323.3905 | I31: 2.6884049 | K31: 310.05362 | L31: 9.5221437 | N31: 411.31514 | O31: 21.103726 | Q31: 323.07626 | R31: 2.7273157 | T31: 373.08328 | U31: 4.7796524 | W31: 381.90656 | X31: 5.2922117 | Z31: 217.31741 | AA31: 3.8869144
A32: 36951 | B32: 326.11025 | C32: 4.7176162 | D32: 6.142984 | E32: 323.74401 | F32: 4.811535 | G32: 6.7923243 | H32: 325.04556 | I32: 4.0780628 | J32: 3.1739991 | K32: 310.53777 | L32: 4.8637546 | M32: 6.8675583 | N32: 406.51465 | O32: 5.8086117 | P32: 13.160471 | Q32: 324.48045 | R32: 4.1416151 | S32: 3.2171285 | T32: 373.96437 | U32: 4.5838273 | V32: 3.9435585 | W32: 384.40801 | X32: 7.3081282 | Y32: 7.0477365 | Z32: 222.07081 | AA32: 6.766952 | AB32: 4.6038999
A33: 36982 | B33: 326.48489 | C33: 5.744519 | D33: 6.2423425 | E33: 326.44047 | F33: 5.7550392 | G33: 6.6758389 | H33: 327.43239 | I33: 5.8299304 | J33: 4.1895074 | K33: 311.6314 | L33: 7.0771579 | M33: 7.1193317 | N33: 404.624 | O33: 8.4011139 | P33: 11.425685 | Q33: 327.75371 | R33: 5.6484538 | S33: 4.1658291 | T33: 371.55363 | U33: 1.568433 | V33: 3.6265352 | W33: 390.59637 | X33: 8.4594001 | Y33: 7.0152832 | Z33: 219.37003 | AA33: 4.7856975 | AB33: 5.143347
A34: 37012 | B34: 326.62204 | C34: 4.9628276 | D34: 5.139972 | E34: 325.93097 | F34: 4.6803157 | G34: 5.0810758 | H34: 328.57247 | I34: 6.0193665 | J34: 5.305667 | K34: 311.55225 | L34: 5.3108425 | M34: 5.7430694 | N34: 398.74745 | O34: 4.8319453 | P34: 6.3325897 | Q34: 329.05052 | R34: 5.9362947 | S34: 5.2408167 | T34: 374.81319 | U34: 3.522201 | V34: 3.2134721 | W34: 395.89045 | X34: 8.820066 | Y34: 8.1995437 | Z34: 218.9694 | AA34: 3.5776909 | AB34: 5.0349415
A35: 37043 | B35: 328.43303 | C35: 5.7754855 | D35: 5.4934187 | E35: 327.41186 | F35: 5.9179688 | G35: 5.4491049 | H35: 329.45971 | I35: 5.5538459 | J35: 5.8004455 | K35: 313.60163 | L35: 6.2909163 | M35: 6.2216101 | N35: 411.73697 | O35: 8.7297739 | P35: 7.3120671 | Q35: 329.21897 | R35: 5.4360555 | S35: 5.6731957 | T35: 376.10049 | U35: 4.0093486 | V35: 3.0278678 | W35: 401.25649 | X35: 9.0870899 | Y35: 8.7910604 | Z35: 219.46192 | AA35: 4.1446757 | AB35: 4.1673756
A36: 37073 | B36: 328.38409 | C36: 4.8982792 | D36: 5.21116 | E36: 327.67349 | F36: 4.6297026 | G36: 5.0731075 | H36: 330.90903 | I36: 6.0175562 | J36: 5.8632217 | K36: 312.96918 | L36: 4.9672335 | M36: 5.5208574 | N36: 401.88654 | O36: 5.2821527 | P36: 6.2764784 | Q36: 331.33326 | R36: 5.8771791 | S36: 5.7496123 | T36: 376.33343 | U36: 3.7692272 | V36: 3.7668247 | W36: 404.10152 | X36: 9.6391669 | Y36: 9.1837418 | Z36: 221.00565 | AA36: 4.547226 | AB36: 4.0897963
A37: 37104 | B37: 330.71663 | C37: 5.104591 | D37: 5.2577845 | E37: 329.66133 | F37: 4.7198331 | G37: 5.0849389 | H37: 332.75894 | I37: 6.7106078 | J37: 6.093811 | K37: 315.09485 | L37: 4.9806711 | M37: 5.4089146 | N37: 406.50369 | O37: 5.6396858 | P37: 6.5422959 | Q37: 333.28099 | R37: 6.5546874 | S37: 5.9562565 | T37: 378.76049 | U37: 4.4332776 | V37: 4.0706836 | W37: 407.36834 | X37: 9.2857264 | Y37: 9.3373008 | Z37: 223.49686 | AA37: 4.8387578 | AB37: 4.5115274
A38: 37135 | B38: 331.09426 | C38: 4.5101294 | D38: 4.8368176 | E38: 330.00633 | F38: 4.120397 | G38: 4.4888983 | H38: 333.59618 | I38: 6.0727814 | J38: 6.2663524 | K38: 315.36763 | L38: 4.4308385 | M38: 4.7917891 | N38: 404.80806 | O38: 4.0409944 | P38: 4.9833178 | Q38: 333.15876 | R38: 6.0169873 | S38: 6.1493635 | T38: 379.80975 | U38: 4.0578385 | V38: 4.0867248 | W38: 405.76916 | X38: 8.5023642 | Y38: 9.1398583 | Z38: 222.19555 | AA38: 3.7170613 | AB38: 4.3661087
A39: 37165 | B39: 332.68494 | C39: 4.749351 | D39: 4.7872739 | E39: 331.62566 | F39: 4.4196228 | G39: 4.4192736 | H39: 334.82368 | I39: 6.0381465 | J39: 6.2722947 | K39: 316.8435 | L39: 4.8240193 | M39: 4.7447208 | N39: 404.52945 | O39: 4.0604542 | P39: 4.576628 | Q39: 334.3891 | R39: 5.9844395 | S39: 6.184527 | T39: 381.784 | U39: 4.1658319 | V39: 4.2184552 | W39: 408.89436 | X39: 7.6901565 | Y39: 8.4878146 | Z39: 221.41991 | AA39: 2.6680374 | AB39: 3.7370997
A40: 37196 | B40: 333.72305 | C40: 4.4413897 | D40: 4.5667499 | E40: 333.08021 | F40: 4.264548 | G40: 4.2682817 | H40: 334.24577 | I40: 5.096477 | J40: 5.7338171 | K40: 318.1902 | L40: 4.6460857 | M40: 4.633734 | N40: 409.35436 | O40: 4.5043444 | P40: 4.202651 | Q40: 333.85309 | R40: 5.072872 | S40: 5.689547 | T40: 382.75285 | U40: 3.6935167 | V40: 3.9716182 | W40: 408.18421 | X40: 6.9344534 | Y40: 7.7036151 | Z40: 223.88257 | AA40: 3.1082634 | AB40: 3.1631023
A41: 37226 | B41: 334.13697 | C41: 3.3408284 | D41: 4.1727277 | E41: 334.64916 | F41: 2.769628 | G41: 3.810043 | H41: 332.0935 | I41: 5.4354075 | J41: 5.5223908 | K41: 319.98793 | L41: 3.3202439 | M41: 4.2565384 | N41: 414.85805 | O41: 0.051056135 | P41: 2.8148646 | Q41: 333.06576 | R41: 5.3374299 | S41: 5.4639027 | T41: 382.74207 | U41: 3.609856 | V41: 3.822205 | W41: 406.99948 | X41: 3.842347 | Y41: 6.1324564 | Z41: 223.01081 | AA41: 2.7444318 | AB41: 2.8406449
A42: 37257 | B42: 332.54658 | C42: 3.501089 | D42: 3.7589681 | E42: 334.6472 | F42: 3.4375192 | G42: 3.4857472 | H42: 336.99262 | I42: 4.6755468 | J42: 5.06636 | K42: 320.98569 | L42: 4.0487617 | M42: 4.0010515 | N42: 412.98015 | O42: 1.4955964 | P42: 1.9733081 | Q42: 336.61885 | R42: 4.6756686 | S42: 5.0267359 | T42: 383.74298 | U42: 3.1668904 | V42: 3.489291 | W42: 396.76383 | X42: 2.5233352 | Y42: 4.4194756 | Z42: 223.31386 | AA42: 3.7205978 | AB42: 3.1896603
A43: 37288 | B43: 334.07361 | C43: 2.848973 | D43: 3.2291438 | E43: 333.07528 | F43: 2.6096566 | G43: 2.9382041 | H43: 337.77562 | I43: 4.4482199 | J43: 4.8482218 | K43: 319.03349 | L43: 2.896231 | M43: 3.4207312 | N43: 409.04639 | O43: -0.55158509 | P43: 0.32675759 | Q43: 337.06893 | R43: 4.3310716 | S43: 4.7775689 | T43: 384.84442 | U43: 3.1524179 | V43: 3.3088749 | W43: 408.81644 | X43: 7.0461947 | Y43: 4.4566537 | Z43: 223.89347 | AA43: 3.0260153 | AB43: 3.1621251
... A331: 46054 | B331: 744.99748 | C331: 3.6557021 | D331: 3.7847595 | E331: 747.0583 | F331: 3.2792872 | G331: 3.4868505 | H331: 731.29379 | I331: 5.0119515 | J331: 5.1677457 | K331: 732.36585 | L331: 3.9389148 | M331: 4.0123817 | N331: 997.94904 | O331: 4.6181775 | P331: 3.1790797 | Q331: 729.98112 | R331: 4.9913759 | S331: 5.1327088 | T331: 814.22136 | U331: 3.4959721 | V331: 4.035994 | W331: 801.38764 | X331: -2.0544166 | Y331: -0.36522797 | Z331: 498.38467 | AA331: 3.5352469 | AB331: 4.6998563

Sheet 15
A1: Average Weekly Earnings — Regular Pay (Nominal)
B2: Whole Economy | E2: Private sector | H2: Public sector | K2: Services (G-S) | N2: Finance & business (K-N) | Q2: Public excl. financial services | T2: Manufacturing (C) | W2: Construction (F) | Z2: Wholesale, retail, hotels & restaurants (G & I)
B3: Weekly Earnings (£) | C3: % change year on year | E3: Weekly Earnings (£) | F3: % change year on year | H3: Weekly Earnings (£) | I3: % change year on year | K3: Weekly Earnings (£) | L3: % change year on year | N3: Weekly Earnings (£) | O3: % change year on year | Q3: Weekly Earnings (£) | R3: % change year on year | T3: Weekly Earnings (£) | U3: % change year on year | W3: Weekly Earnings (£) | X3: % change year on year | Z3: Weekly Earnings (£) | AA3: % change year on year
C4: Single month | D4: 3 month avg | F4: Single month | G4: 3 month avg | I4: Single month | J4: 3 month avg | L4: Single month | M4: 3 month avg | O4: Single month | P4: 3 month avg | R4: Single month | S4: 3 month avg | U4: Single month | V4: 3 month avg | X4: Single month | Y4: 3 month avg | AA4: Single month | AB4: 3 month avg
A5: Current | B5: =B$331 | C5: =C$331 | D5: =D$331 | E5: =E$331 | F5: =F$331 | G5: =G$331 | H5: =H$331 | I5: =I$331 | ... AB5: =AB$331
A6: Quarterly change | B6: =B$331-B$328 | C6: =C$331-C$328 | D6: =D$331-D$328 | E6: =E$331-E$328 | F6: =F$331-F$328 | G6: =G$331-G$328 | H6: =H$331-H$328 | I6: =I$331-I$328 | ... AB6: =AB$331-AB$328
A7: Year on year change | B7: =B$331-B$319 | C7: =C$331-C$319 | D7: =D$331-D$319 | E7: =E$331-E$319 | F7: =F$331-F$319 | G7: =G$331-G$319 | H7: =H$331-H$319 | I7: =I$331-I$319 | ... AB7: =AB$331-AB$319
A8: Since pandemic | B8: =B$331-B$259 | C8: =C$331-C$259 | D8: =D$331-D$259 | E8: =E$331-E$259 | F8: =F$331-F$259 | G8: =G$331-G$259 | H8: =H$331-H$259 | I8: =I$331-I$259 | ... AB8: =AB$331-AB$259
A9: Since 2010 election | B9: =B$331-B$141 | C9: =C$331-C$141 | D9: =D$331-D$141 | E9: =E$331-E$141 | F9: =F$331-F$141 | G9: =G$331-G$141 | H9: =H$331-H$141 | I9: =I$331-I$141 | ... AB9: =AB$331-AB$141
C10: 46133 | J10: Date of next publication: | K10: 46161
C11: labour.market@ons.gov.uk | J11: Telephone: | K11: 01633 455400 | AB11: Source: Monthly Wages & Salaries Survey
B13: Whole Economy | E13: Private sector 3 4 5 6 | H13: Public sector 3 4 5 6 | K13: Services, SIC 2007 sections G-S | N13: Finance and business services, SIC 2007 sections K-N | Q13: Public sector excluding financial services 4 5 | T13: Manufacturing, SIC 2007 section C | W13: Construction, SIC 2007 section F | Z13: Wholesaling, retailing, hotels & restaurants, SIC 2007 sections G & I
B14: Weekly Earnings (£) | C14: % changes year on year | E14: Weekly Earnings (£) | F14: % changes year on year | H14: Weekly Earnings (£) | I14: % changes year on year | K14: Weekly Earnings (£) | L14: % changes year on year | N14: Weekly Earnings (£) | O14: % changes year on year | Q14: Weekly Earnings (£) | R14: % changes year on year | T14: Weekly Earnings (£) | U14: % changes year on year | W14: Weekly Earnings (£) | X14: % changes year on year | Z14: Weekly Earnings (£) | AA14: % changes year on year
C15: Single month | D15: 3 month average2 | F15: Single month | G15: 3 month average2 | I15: Single month | J15: 3 month average2 | L15: Single month | M15: 3 month average2 | O15: Single month | P15: 3 month average2 | R15: Single month | S15: 3 month average2 | U15: Single month | V15: 3 month average2 | X15: Single month | Y15: 3 month average2 | AA15: Single month | AB15: 3 month average2
B16: KAI7 | C16: KAI8 | D16: KAI9 | E16: KAJ2 | F16: KAJ3 | G16: KAJ4 | H16: KAJ5 | I16: KAJ6 | J16: KAJ7 | K16: K5DL | L16: K5DM | M16: K5DN | N16: K5DO | O16: K5DP | P16: K5DQ | Q16: KAK6 | R16: KAK7 | S16: KAK8 | T16: K5DU | U16: K5DV | V16: K5DW | W16: K5DX | X16: K5DY | Y16: K5DZ | Z16: K5E2 | AA16: K5E3 | AB16: K5E4
A18: 36526 | B18: 293.41283 | E18: 289.02816 | H18: 310.37844 | K18: 278.50623 | N18: 335.66736 | Q18: 310.47127 | T18: 346.47058 | W18: 341.39654 | Z18: 197.69683
A19: 36557 | B19: 293.33006 | E19: 289.0332 | H19: 311.84042 | K19: 278.88776 | N19: 334.36444 | Q19: 311.54559 | T19: 345.86752 | W19: 343.15923 | Z19: 197.26653
A20: 36586 | B20: 292.73182 | E20: 288.45026 | H20: 308.94385 | K20: 277.38791 | N20: 334.09264 | Q20: 308.85264 | T20: 347.56597 | W20: 343.97908 | Z20: 195.81808
A21: 36617 | B21: 292.95622 | E21: 289.16074 | H21: 306.33844 | K21: 276.10631 | N21: 332.68352 | Q21: 306.7981 | T21: 349.61863 | W21: 344.93147 | Z21: 197.21612
A22: 36647 | B22: 294.44711 | E22: 290.71832 | H22: 307.78023 | K22: 279.18957 | N22: 339.34805 | Q22: 307.53209 | T22: 347.65633 | W22: 346.62002 | Z22: 199.87914
A23: 36678 | B23: 295.18579 | E23: 291.13929 | H23: 310.38378 | K23: 280.06247 | N23: 338.93362 | Q23: 310.20975 | T23: 347.7118 | W23: 352.52283 | Z23: 198.41488
A24: 36708 | B24: 295.65974 | E24: 291.7994 | H24: 310.19833 | K24: 280.89897 | N24: 341.93217 | Q24: 309.87232 | T24: 347.862 | W24: 351.98817 | Z24: 198.04434
A25: 36739 | B25: 296.9482 | E25: 292.97268 | H25: 311.89698 | K25: 282.21413 | N25: 339.79255 | Q25: 311.86976 | T25: 348.55497 | W25: 356.10299 | Z25: 199.18634
A26: 36770 | B26: 299.16012 | E26: 295.58629 | H26: 312.16957 | K26: 284.6412 | N26: 347.66319 | Q26: 311.94254 | T26: 351.03709 | W26: 355.07314 | Z26: 201.4805
A27: 36800 | B27: 300.22432 | E27: 296.65613 | H27: 313.45323 | K27: 285.4421 | N27: 348.83397 | Q27: 313.48111 | T27: 352.26966 | W27: 361.15658 | Z27: 202.06985
A28: 36831 | B28: 301.50505 | E28: 297.84886 | H28: 315.45455 | K28: 286.53217 | N28: 350.61544 | Q28: 315.57091 | T28: 354.40034 | W28: 362.49597 | Z28: 203.04545
A29: 36861 | B29: 302.66217 | E29: 299.23332 | H29: 315.14553 | K29: 287.68966 | N29: 354.41822 | Q29: 315.66468 | T29: 355.09177 | W29: 366.57049 | Z29: 202.70792
A30: 36892 | B30: 303.91052 | C30: 3.5777891 | E30: 299.77332 | F30: 3.7176874 | H30: 319.26944 | I30: 2.864568 | K30: 288.69288 | L30: 3.6576025 | N30: 352.42906 | O30: 4.9935449 | Q30: 319.07022 | R30: 2.7696418 | T30: 358.14504 | U30: 3.3695381 | W30: 368.45105 | X30: 7.9246612 | Z30: 202.53065 | AA30: 2.4450655
A31: 36923 | B31: 304.04604 | C31: 3.6532153 | E31: 300.17228 | F31: 3.8539086 | H31: 320.69645 | I31: 2.8399225 | K31: 288.95676 | L31: 3.6104124 | N31: 350.39006 | O31: 4.7928604 | Q31: 320.81896 | R31: 2.9765723 | T31: 358.86054 | U31: 3.7566469 | W31: 365.24133 | X31: 6.4349435 | Z31: 203.20841 | AA31: 3.0121067
A32: 36951 | B32: 305.981 | C32: 4.5260464 | D32: 3.9185719 | E32: 301.66468 | F32: 4.5811793 | G32: 4.0505703 | H32: 322.34169 | I32: 4.3366576 | J32: 3.3447285 | K32: 290.85336 | L32: 4.854378 | M32: 4.039511 | N32: 354.89274 | O32: 6.2258464 | P32: 5.3367306 | Q32: 322.38905 | R32: 4.3828041 | S32: 3.374128 | T32: 360.09419 | U32: 3.6045588 | V32: 3.5768395 | W32: 371.6378 | X32: 8.0408143 | Y32: 7.4664792 | Z32: 203.88006 | AA32: 4.1170724 | AB32: 3.1886018
A33: 36982 | B33: 308.58335 | C33: 5.3342877 | D33: 4.5041489 | E33: 304.05329 | F33: 5.1502699 | G33: 4.5285087 | H33: 325.37064 | I33: 6.212802 | J33: 4.4531391 | K33: 292.90478 | L33: 6.0840575 | M33: 4.8454824 | N33: 356.77246 | O33: 7.2407999 | P33: 6.0845263 | Q33: 325.44811 | R33: 6.0789192 | S33: 4.4715227 | T33: 362.4044 | U33: 3.6570616 | V33: 3.6725883 | W33: 373.75727 | X33: 8.3569656 | Y33: 7.6125304 | Z33: 204.14251 | AA33: 3.5120792 | AB33: 3.5456905
A34: 37012 | B34: 308.86331 | C34: 4.8960225 | D34: 4.9188471 | E34: 304.09898 | F34: 4.6026199 | G34: 4.7778695 | H34: 326.81461 | I34: 6.1844062 | J34: 5.5753988 | K34: 293.65906 | L34: 5.1826776 | M34: 5.3721977 | N34: 357.52989 | O34: 5.3578745 | P34: 6.2686977 | Q34: 326.72181 | R34: 6.2399095 | S34: 5.5651099 | T34: 361.95477 | U34: 4.112808 | V34: 3.7912399 | W34: 376.59659 | X34: 8.6482531 | Y34: 8.3494493 | Z34: 203.77389 | AA34: 1.9485497 | AB34: 3.1847998
A35: 37043 | B35: 309.70532 | C35: 4.9187739 | D35: 5.0491043 | E35: 304.89993 | F35: 4.7264821 | G35: 4.8258299 | H35: 328.31089 | I35: 5.7757881 | J35: 6.0566297 | K35: 294.80336 | L35: 5.2634266 | M35: 5.5076775 | N35: 359.61759 | O35: 6.1026627 | P35: 6.2271943 | Q35: 327.63547 | R35: 5.6173977 | S35: 5.9776161 | T35: 362.6402 | U35: 4.2933266 | V35: 4.0203963 | W35: 378.16068 | X35: 7.272678 | Y35: 8.087569 | Z35: 205.15901 | AA35: 3.3990054 | AB35: 2.9496161
A36: 37073 | B36: 311.45833 | C36: 5.3435021 | D36: 5.0530526 | E36: 306.6873 | F36: 5.1021001 | G36: 4.8107212 | H36: 329.84835 | I36: 6.3346636 | J36: 6.0979972 | K36: 296.2198 | L36: 5.4542162 | M36: 5.3003822 | N36: 361.36748 | O36: 5.6839651 | P36: 5.7145984 | Q36: 329.18476 | R36: 6.2323857 | S36: 6.0292177 | T36: 363.0606 | U36: 4.3691476 | V36: 4.2584511 | W36: 384.63643 | X36: 9.2753834 | Y36: 8.3969246 | Z36: 206.75812 | AA36: 4.3999113 | AB36: 3.2452469
A37: 37104 | B37: 313.5167 | C37: 5.579592 | D37: 5.2812497 | E37: 308.55706 | F37: 5.3193988 | G37: 5.049932 | H37: 332.63293 | I37: 6.648332 | J37: 6.2535533 | K37: 298.36057 | L37: 5.7213455 | M37: 5.4802543 | N37: 363.31671 | O37: 6.9230934 | P37: 6.235528 | Q37: 332.38887 | R37: 6.5793847 | S37: 6.1438009 | T37: 364.55553 | U37: 4.5905428 | V37: 4.417805 | W37: 386.94479 | X37: 8.660921 | Y37: 8.403425 | Z37: 207.72184 | AA37: 4.2851835 | AB37: 4.0281351
A38: 37135 | B38: 313.48173 | C38: 4.7872742 | D38: 5.2355203 | E38: 308.7356 | F38: 4.4485529 | G38: 4.9549816 | H38: 331.73048 | I38: 6.2661196 | J38: 6.4164765 | K38: 298.50095 | L38: 4.8691975 | M38: 5.3467172 | N38: 362.00942 | O38: 4.1264737 | P38: 5.5669676 | Q38: 331.5086 | R38: 6.2723297 | S38: 6.3616357 | T38: 366.07217 | U38: 4.2830457 | V38: 4.4139643 | W38: 385.41846 | X38: 8.5462193 | Y38: 8.8260469 | Z38: 207.6454 | AA38: 3.0598016 | AB38: 3.9107636
A39: 37165 | B39: 314.59792 | C39: 4.7876174 | D39: 5.049878 | E39: 309.82018 | F39: 4.4374759 | G39: 4.7330577 | H39: 332.62298 | I39: 6.1156654 | J39: 6.3429719 | K39: 299.49078 | L39: 4.9217238 | M39: 5.1689537 | N39: 362.67893 | O39: 3.9689279 | P39: 4.9904341 | Q39: 332.12325 | R39: 5.9468127 | S39: 6.2656272 | T39: 367.51676 | U39: 4.3282469 | V39: 4.4000788 | W39: 388.25037 | X39: 7.5019499 | Y39: 8.2326047 | Z39: 207.99678 | AA39: 2.9331113 | AB39: 3.42228
A40: 37196 | B40: 316.07764 | C40: 4.8332816 | D40: 4.8027861 | E40: 311.85998 | F40: 4.7041025 | G40: 4.5303749 | H40: 332.09319 | I40: 5.274496 | J40: 5.8836085 | K40: 301.19762 | L40: 5.1182567 | M40: 4.970009 | N40: 369.60992 | O40: 5.4174662 | P40: 4.5062653 | Q40: 331.99639 | R40: 5.2050064 | S40: 5.8059512 | T40: 369.12614 | U40: 4.1551332 | V40: 4.255241 | W40: 387.28899 | X40: 6.8395314 | Y40: 7.6230817 | Z40: 208.61667 | AA40: 2.7438258 | AB40: 2.911832
A41: 37226 | B41: 316.2507 | C41: 4.48967 | D41: 4.7031303 | E41: 311.8943 | F41: 4.231137 | G41: 4.4572478 | H41: 332.65949 | I41: 5.5574221 | J41: 5.6482357 | K41: 301.52909 | L41: 4.8105428 | M41: 4.9500225 | N41: 369.50753 | O41: 4.2574882 | P41: 4.5478914 | Q41: 332.9639 | R41: 5.4802513 | S41: 5.5431262 | T41: 369.66965 | U41: 4.1053853 | V41: 4.1959311 | W41: 387.7292 | X41: 5.7720704 | Y41: 6.7000527 | Z41: 207.90663 | AA41: 2.5646323 | AB41: 2.7469927
A42: 37257 | B42: 317.51812 | C42: 4.4775012 | D42: 4.5996852 | E42: 312.95509 | F42: 4.3972456 | G42: 4.4437322 | H42: 334.39218 | I42: 4.7366687 | J42: 5.1875905 | K42: 303.03651 | L42: 4.9684732 | M42: 4.9655562 | N42: 368.4231 | O42: 4.5382315 | P42: 4.7356595 | Q42: 334.38241 | R42: 4.7990052 | S42: 5.1601179 | T42: 371.25708 | U42: 3.6610985 | V42: 3.9728605 | W42: 382.04715 | X42: 3.6900696 | Y42: 5.425684 | Z42: 208.89891 | AA42: 3.1443448 | AB42: 2.8174648
A43: 37288 | B43: 319.82423 | C43: 5.1894071 | D43: 4.7192436 | E43: 316.19809 | F43: 5.3388696 | G43: 4.6563088 | H43: 335.00377 | I43: 4.4613289 | J43: 4.9150314 | K43: 305.36992 | L43: 5.6801445 | M43: 5.1536113 | N43: 372.78948 | O43: 6.3927092 | P43: 5.0587296 | Q43: 334.94639 | R43: 4.4035491 | S43: 4.8912821 | T43: 372.79173 | U43: 3.8820619 | V43: 3.8822143 | W43: 391.09561 | X43: 7.0786839 | Y43: 5.5086005 | Z43: 210.15265 | AA43: 3.4173017 | AB43: 3.0423718
... A331: 46054 | B331: 692.0005 | C331: 3.2085763 | D331: 3.5528431 | E331: 683.7254 | F331: 2.7943787 | G331: 3.1604312 | H331: 728.893 | I331: 4.9425704 | J331: 5.1733879 | K331: 678.2694 | L331: 3.4534544 | M331: 3.7162532 | N331: 868.8078 | O331: 2.4924506 | P331: 2.3768258 | Q331: 726.9924 | R331: 4.9344687 | S331: 5.1574205 | T331: 771.2429 | U331: 2.9509587 | V331: 3.5139634 | W331: 760.1757 | X331: -0.83850365 | Y331: 0.521337 | Z331: 466.2506 | AA331: 2.7157684 | AB331: 4.2350618

Sheet 18
A1: Labour Disputes summary
B2: Working days lost (thousands) | C2: Number of stoppages 1,2 | D2: Workers involved (thousands) 3
A3: Current (singular month) | B3: =B$1157 | C3: =C$1157 | D3: =D$1157
A4: Change on quarter (3mo avg) | B4: =AVERAGE(B$1155:B$1157)-AVERAGE(B$1152:B$1154) | C4: =AVERAGE(C$1155:C$1157)-AVERAGE(C$1152:C$1154) | D4: =AVERAGE(D$1155:D$1157)-AVERAGE(D$1152:D$1154)
A5: Change since Covid-19 (2019 average) | B5: =AVERAGE(B$1155:B$1157)-AVERAGE(B$1072:B$1083) | C5: =AVERAGE(C$1155:C$1157)-AVERAGE(C$1072:C$1083) | D5: =AVERAGE(D$1155:D$1157)-AVERAGE(D$1072:D$1083)
A6: Change since 2024 election (3mo avg) | B6: =AVERAGE(B$1155:B$1157)-AVERAGE(B$1135:B$1137) | C6: =AVERAGE(C$1155:C$1157)-AVERAGE(C$1135:C$1137) | D6: =AVERAGE(D$1155:D$1157)-AVERAGE(D$1135:D$1137)
A7: 2019 average | B7: =AVERAGE(B$1072:B$1083) | C7: =AVERAGE(C$1072:C$1083) | D7: =AVERAGE(D$1072:D$1083)
A8: 2023 average | B8: =AVERAGE(B$1120:B$1131) | C8: =AVERAGE(C$1120:C$1131) | D8: =AVERAGE(D$1120:D$1131)
A10: Date of publication: | B10: 46133 | D10: Date of next publication: 19 May 2026
A11: Inquiries: Email: | B11: labour.market@ons.gov.uk | D11: Telephone: 01633 455400
D13: Source: Labour Disputes Inquiry, Office for National Statistics
A14: Time period and dataset code row | B14: Working days lost (thousands) | C14: Number of stoppages 1,2 | D14: Workers involved (thousands) 3
A15: Dataset identifier code | B15: BBFW | C15: BLUU | D15: BLUT
A16: January 1931 | B16: 3647 | C16: 50 | D16: [x]
A17: February 1931 | B17: 1794 | C17: 34 | D17: [x]
A18: March 1931 | B18: 177 | C18: 42 | D18: [x]
A19: April 1931 | B19: 123 | C19: 56 | D19: [x]
A20: May 1931 | B20: 192 | C20: 53 | D20: [x]
A21: June 1931 | B21: 116 | C21: 41 | D21: [x]
A22: July 1931 | B22: 358 | C22: 51 | D22: [x]
A23: August 1931 | B23: 347 | C23: 50 | D23: [x]
A24: September 1931 | B24: 79 | C24: 40 | D24: [x]
A25: October 1931 | B25: 57 | C25: 36 | D25: [x]
A26: November 1931 | B26: 42 | C26: 36 | D26: [x]
A27: December 1931 | B27: 51 | C27: 26 | D27: [x]
... A675: December 1985 | B675: 220 | C675: 72 | D675: [x]
A676: January 1986 | B676: 217 | C676: 96 | D676: 183
A677: February 1986 | B677: 248 | C677: 116 | D677: 188
A678: March 1986 | B678: 184 | C678: 91 | D678: 66
A679: April 1986 | B679: 145 | C679: 128 | D679: 62
A680: May 1986 | B680: 288 | C680: 99 | D680: 49
A681: June 1986 | B681: 170 | C681: 116 | D681: 64
A682: July 1986 | B682: 67 | C682: 100 | D682: 22
A683: August 1986 | B683: 67 | C683: 92 | D683: 28
A684: September 1986 | B684: 154 | C684: 102 | D684: 67
A685: October 1986 | B685: 167 | C685: 148 | D685: 48
A686: November 1986 | B686: 117 | C686: 107 | D686: 98
A687: December 1986 | B687: 97 | C687: 91 | D687: 50
... A1084: January 2020 | B1084: 18 | C1084: 7 | D1084: 7
A1085: February 2020 | B1085: [x] | C1085: [x] | D1085: [x]
A1086: March 2020 | B1086: [x] | C1086: [x] | D1086: [x]
A1087: April 2020 | B1087: [x] | C1087: [x] | D1087: [x]
A1088: May 2020 | B1088: [x] | C1088: [x] | D1088: [x]
A1089: June 2020 | B1089: [x] | C1089: [x] | D1089: [x]
A1090: July 2020 | B1090: [x] | C1090: [x] | D1090: [x]
A1091: August 2020 | B1091: [x] | C1091: [x] | D1091: [x]
A1092: September 2020 | B1092: [x] | C1092: [x] | D1092: [x]
A1093: October 2020 | B1093: [x] | C1093: [x] | D1093: [x]
A1094: November 2020 | B1094: [x] | C1094: [x] | D1094: [x]
A1095: December 2020 | B1095: [x] | C1095: [x] | D1095: [x]
A1096: January 2021 | B1096: [x] | C1096: [x] | D1096: [x]
... A1107: December 2021 | B1107: [x] | C1107: [x] | D1107: [x]
A1108: January 2022 | B1108: 22 | C1108: 12 | D1108: 1
A1109: February 2022 | B1109: 15 | C1109: 21 | D1109: 3
A1110: March 2022 | B1110: 36 | C1110: 55 | D1110: 12
A1111: April 2022 | B1111: 20 | C1111: 59 | D1111: 5
A1112: May 2022 | B1112: 32 | C1112: 76 | D1112: 9
A1113: June 2022 | B1113: 93 | C1113: 41 | D1113: 31
A1114: July 2022 | B1114: 86 | C1114: 52 | D1114: 53
A1115: August 2022 | B1115: 359 | C1115: 78 | D1115: 150
A1116: September 2022 | B1116: 208 | C1116: 79 | D1116: 98
A1117: October 2022 | B1117: 423 | C1117: 124 | D1117: 146
A1118: November 2022 | B1118: 390 | C1118: 316 | D1118: 165
A1119: December 2022 | B1119: 830 | C1119: 203 | D1119: 155
... A1157: February 2026 [p] | B1157: 39 | C1157: 42 | D1157: 5

Sheet 20
B1: All Vacancies1 (thousands) | C1: Unemployment2 (thousands) | D1: Number of unemployed people per vacancy | G1: All Vacancies1 (thousands) | H1: Unemployment2 (thousands) | I1: Number of unemployed people per vacancy
A2: Current | B2: =INDEX(C$17:C$1048576,COUNT(C$17:C$1048576)) | C2: =INDEX(D$17:D$1048576,COUNT(D$17:D$1048576)) | D2: =INDEX(E$17:E$1048576,COUNT(E$17:E$1048576)) | F2: Current | G2: =B2 | H2: =C2 | I2: =D2
A3: Quarterly change | B3: =INDEX(C$17:C$1048576,COUNT(C$17:C$1048576))-INDEX(C$17:C$1048576,COUNT(C$17:C$1048576)-3) | C3: =INDEX(D$17:D$1048576,COUNT(D$17:D$1048576))-INDEX(D$17:D$1048576,COUNT(D$17:D$1048576)-3) | D3: =INDEX(E$17:E$1048576,COUNT(E$17:E$1048576))-INDEX(E$17:E$1048576,COUNT(E$17:E$1048576)-3) | F3: Quarterly change | G3: =IFERROR(B3/INDEX(C$17:C$1048576,COUNT(C$17:C$1048576)-1),"") | H3: =IFERROR(C3/INDEX(D$17:D$1048576,COUNT(D$17:D$1048576)-1),"") | I3: =IFERROR(D3/INDEX(E$17:E$1048576,COUNT(E$17:E$1048576)-1),"")
A4: Year on year change | B4: =INDEX(C$17:C$1048576,COUNT(C$17:C$1048576))-INDEX(C$17:C$1048576,COUNT(C$17:C$1048576)-12) | C4: =INDEX(D$17:D$1048576,COUNT(D$17:D$1048576))-INDEX(D$17:D$1048576,COUNT(D$17:D$1048576)-12) | D4: =INDEX(E$17:E$1048576,COUNT(E$17:E$1048576))-INDEX(E$17:E$1048576,COUNT(E$17:E$1048576)-12) | F4: Year on year change | G4: =IFERROR(B4/INDEX(C$17:C$1048576,COUNT(C$17:C$1048576)-12),"") | H4: =IFERROR(C4/INDEX(D$17:D$1048576,COUNT(D$17:D$1048576)-12),"") | I4: =IFERROR(D4/INDEX(E$17:E$1048576,COUNT(E$17:E$1048576)-12),"")
A5: Pre-pandemic trend (Jan-Mar) | B5: =INDEX(C$17:C$1048576,COUNT(C$17:C$1048576))-C$242 | C5: =INDEX(D$17:D$1048576,COUNT(D$17:D$1048576))-D$242 | D5: =INDEX(E$17:E$1048576,COUNT(E$17:E$1048576))-E$242 | F5: Pre-pandemic trend (Jan-Mar) | G5: =IFERROR(B5/C242,"") | H5: =IFERROR(C5/D242,"") | I5: =IFERROR(D5/E242,"")
A6: Since 2024 election | B6: =INDEX(C$17:C$1048576,COUNT(C$17:C$1048576))-C$293 | C6: =INDEX(D$17:D$1048576,COUNT(D$17:D$1048576))-D$293 | D6: =INDEX(E$17:E$1048576,COUNT(E$17:E$1048576))-E$293 | F6: Since 2010 election | G6: =IFERROR(B6/C121,"") | H6: =IFERROR(C6/D121,"") | I6: =IFERROR(D6/E121,"")
A7: *note: 1. Stats for unemployment are from the period before as data unavailable - check this is still the case.
A8: 2. Covid period is different (Jan-Mar) due to reporting periods
A9: Table 20: Vacancies1 and Unemployment (seasonally adjusted)
A10: Date of publication: | C10: 46133 | E10: Date of next publication: 19 May 2026
A11: Inquiries: Email: | C11: vacancy.survey@ons.gov.uk | F11: Telephone: 01633 455400
F13: Source: ONS Vacancy Survey/ Labour Force Survey
A14: United Kingdom (thousands), seasonally adjusted
C15: All Vacancies1 (thousands) | D15: Unemployment 2 (thousands) | E15: Number of unemployed people per vacancy
C16: AP2Y | D16: MGSC | E16: JPC5
A17: Apr-Jun 2001 | B17: (r) | C17: 680 | D17: 1468 | E17: 2.2
A18: May-Jul 2001 | B18: (r) | C18: 674 | D18: 1472 | E18: 2.2
A19: Jun-Aug 2001 | B19: (r) | C19: 663 | D19: 1483 | E19: 2.2
A20: Jul-Sep 2001 | B20: (r) | C20: 664 | D20: 1487 | E20: 2.2
A21: Aug-Oct 2001 | B21: (r) | C21: 639 | D21: 1487 | E21: 2.3
A22: Sep-Nov 2001 | B22: (r) | C22: 626 | D22: 1495 | E22: 2.4
A23: Oct-Dec 2001 | B23: (r) | C23: 602 | D23: 1520 | E23: 2.5
A24: Nov- Jan 2002 | B24: (r) | C24: 606 | D24: 1518 | E24: 2.5
A25: Dec-Feb 2002 | B25: (r) | C25: 616 | D25: 1508 | E25: 2.4
A26: Jan-Mar 2002 | B26: (r) | C26: 619 | D26: 1515 | E26: 2.4
A27: Feb-Apr 2002 | B27: (r) | C27: 619 | D27: 1522 | E27: 2.5
A28: Mar-May 2002 | B28: (r) | C28: 613 | D28: 1542 | E28: 2.5
... A313: Dec-Feb 2026 | B313: (r) | C313: 721 | D313: 1780 | E313: 2.5
A314: Jan-Mar 2026 | B314: (p) | C314: 711 | D314: .. | E314: ..
A317: 1. Excludes Agriculture, Forestry and Fishing.
A318: 2. Unemployment estimates are produced from the Labour Force Survey and are always one period behind the ONS Vacancy Survey estimates.
A319: (r) We have taken on revisions to estimates of vacancies this period due to a review of our seasonal adjustment parameters, and updates to our Northern Ireland scaling factor, with additional revisions to vacancies per 100 employee jobs ratios due to taking on the latest employee jobs estimates in the denominators. More information on these regular annual revisions can be found in Vacancy Survey QMI
A321: .. Data not available

Sheet 21
B2: Current | C2: =INDEX(C$20:C$1048576,COUNT(C$20:C$1048576)) | D2: =INDEX(D$20:D$1048576,COUNT(D$20:D$1048576)) | E2: =INDEX(E$20:E$1048576,COUNT(E$20:E$1048576)) | F2: =INDEX(F$20:F$1048576,COUNT(F$20:F$1048576)) | G2: =INDEX(G$20:G$1048576,COUNT(G$20:G$1048576)) | H2: =INDEX(H$20:H$1048576,COUNT(H$20:H$1048576)) | I2: =INDEX(I$20:I$1048576,COUNT(I$20:I$1048576)) | J2: =INDEX(J$20:J$1048576,COUNT(J$20:J$1048576)) | ... X2: =INDEX(X$20:X$1048576,COUNT(X$20:X$1048576))
B3: Quarterly change | C3: =INDEX(C$20:C$1048576,COUNT(C$20:C$1048576))-INDEX(C$20:C$1048576,COUNT(C$20:C$1048576)-3) | D3: =IFERROR(INDEX(D$20:D$1048576,COUNT(D$20:D$1048576))/INDEX(D$20:D$1048576,COUNT(D$20:D$1048576)-3)-1,"") | E3: =IFERROR(INDEX(E$20:E$1048576,COUNT(E$20:E$1048576))/INDEX(E$20:E$1048576,COUNT(E$20:E$1048576)-3)-1,"") | F3: =IFERROR(INDEX(F$20:F$1048576,COUNT(F$20:F$1048576))/INDEX(F$20:F$1048576,COUNT(F$20:F$1048576)-3)-1,"") | G3: =IFERROR(INDEX(G$20:G$1048576,COUNT(G$20:G$1048576))/INDEX(G$20:G$1048576,COUNT(G$20:G$1048576)-3)-1,"") | H3: =IFERROR(INDEX(H$20:H$1048576,COUNT(H$20:H$1048576))/INDEX(H$20:H$1048576,COUNT(H$20:H$1048576)-3)-1,"") | I3: =IFERROR(INDEX(I$20:I$1048576,COUNT(I$20:I$1048576))/INDEX(I$20:I$1048576,COUNT(I$20:I$1048576)-3)-1,"") | J3: =IFERROR(INDEX(J$20:J$1048576,COUNT(J$20:J$1048576))/INDEX(J$20:J$1048576,COUNT(J$20:J$1048576)-3)-1,"") | K3: =IFERROR(INDEX(K$20:K$1048576,COUNT(K$20:K$1048576))/INDEX(K$20:K$1048576,COUNT(K$20:K$1048576)-3)-1,"") | ... X3: =IFERROR(INDEX(X$20:X$1048576,COUNT(X$20:X$1048576))/INDEX(X$20:X$1048576,COUNT(X$20:X$1048576)-3)-1,"")
B4: year on year change | C4: =INDEX(C$20:C$1048576,COUNT(C$20:C$1048576))-INDEX(C$20:C$1048576,COUNT(C$20:C$1048576)-12) | D4: =IFERROR(INDEX(D$20:D$1048576,COUNT(D$20:D$1048576))/INDEX(D$20:D$1048576,COUNT(D$20:D$1048576)-12)-1,"") | E4: =IFERROR(INDEX(E$20:E$1048576,COUNT(E$20:E$1048576))/INDEX(E$20:E$1048576,COUNT(E$20:E$1048576)-12)-1,"") | F4: =IFERROR(INDEX(F$20:F$1048576,COUNT(F$20:F$1048576))/INDEX(F$20:F$1048576,COUNT(F$20:F$1048576)-12)-1,"") | G4: =IFERROR(INDEX(G$20:G$1048576,COUNT(G$20:G$1048576))/INDEX(G$20:G$1048576,COUNT(G$20:G$1048576)-12)-1,"") | H4: =IFERROR(INDEX(H$20:H$1048576,COUNT(H$20:H$1048576))/INDEX(H$20:H$1048576,COUNT(H$20:H$1048576)-12)-1,"") | I4: =IFERROR(INDEX(I$20:I$1048576,COUNT(I$20:I$1048576))/INDEX(I$20:I$1048576,COUNT(I$20:I$1048576)-12)-1,"") | J4: =IFERROR(INDEX(J$20:J$1048576,COUNT(J$20:J$1048576))/INDEX(J$20:J$1048576,COUNT(J$20:J$1048576)-12)-1,"") | K4: =IFERROR(INDEX(K$20:K$1048576,COUNT(K$20:K$1048576))/INDEX(K$20:K$1048576,COUNT(K$20:K$1048576)-12)-1,"") | ... X4: =IFERROR(INDEX(X$20:X$1048576,COUNT(X$20:X$1048576))/INDEX(X$20:X$1048576,COUNT(X$20:X$1048576)-12)-1,"")
B5: pre-pandemic trend (Dec-Feb) | C5: =INDEX(C$20:C$1048576,COUNT(C$20:C$1048576))-C$244 | D5: =IFERROR(INDEX(D$20:D$1048576,COUNT(D$20:D$1048576))/D$244-1,"") | E5: =IFERROR(INDEX(E$20:E$1048576,COUNT(E$20:E$1048576))/E$244-1,"") | F5: =IFERROR(INDEX(F$20:F$1048576,COUNT(F$20:F$1048576))/F$244-1,"") | G5: =IFERROR(INDEX(G$20:G$1048576,COUNT(G$20:G$1048576))/G$244-1,"") | H5: =IFERROR(INDEX(H$20:H$1048576,COUNT(H$20:H$1048576))/H$244-1,"") | I5: =IFERROR(INDEX(I$20:I$1048576,COUNT(I$20:I$1048576))/I$244-1,"") | J5: =IFERROR(INDEX(J$20:J$1048576,COUNT(J$20:J$1048576))/J$244-1,"") | K5: =IFERROR(INDEX(K$20:K$1048576,COUNT(K$20:K$1048576))/K$244-1,"") | ... X5: =IFERROR(INDEX(X$20:X$1048576,COUNT(X$20:X$1048576))/X$244-1,"")
B6: Since 2010 election | C6: =INDEX(C$20:C$1048576,COUNT(C$20:C$1048576))-C$126 | D6: =IFERROR(INDEX(D$20:D$1048576,COUNT(D$20:D$1048576))/D$126-1,"") | E6: =IFERROR(INDEX(E$20:E$1048576,COUNT(E$20:E$1048576))/E$126-1,"") | F6: =IFERROR(INDEX(F$20:F$1048576,COUNT(F$20:F$1048576))/F$126-1,"") | G6: =IFERROR(INDEX(G$20:G$1048576,COUNT(G$20:G$1048576))/G$126-1,"") | H6: =IFERROR(INDEX(H$20:H$1048576,COUNT(H$20:H$1048576))/H$126-1,"") | I6: =IFERROR(INDEX(I$20:I$1048576,COUNT(I$20:I$1048576))/I$126-1,"") | J6: =IFERROR(INDEX(J$20:J$1048576,COUNT(J$20:J$1048576))/J$126-1,"") | K6: =IFERROR(INDEX(K$20:K$1048576,COUNT(K$20:K$1048576))/K$126-1,"") | ... X6: =IFERROR(INDEX(X$20:X$1048576,COUNT(X$20:X$1048576))/X$126-1,"")
A9: Table 21: Vacancies 1 by industry (seasonally adjusted)
A10: Date of publication: | C10: 46133 | I10: Date of next publication: | J10: 46161
A11: Inquiries: Email: | C11: vacancy.survey@ons.gov.uk | I11: Telephone: | J11: 01633 455400
Y12: Source: ONS Vacancy Survey
A14: United Kingdom (thousands), seasonally adjusted
A15: SIC 2007 sections | C15: All vacancies1 | D15: Mining & quarrying | E15: Manu- facturing | F15: Electricity, gas, steam & air conditioning supply2 | G15: Water supply, sewerage, waste & remediation activities | H15: Construc-tion | I15: Wholesale & retail trade; repair of motor vehicles and motor cycles | J15: Transport & storage | K15: Accomoda-tion & food service activities | L15: Information & communica-tion | M15: Financial & insurance activities | N15: Real estate activities2 | O15: Professional scientific & technical activities | P15: Administra-tive & support service activities | Q15: Public admin & defence; compulsory social security | R15: Education | S15: Human health & social work activities | T15: Arts, entertainment & recreation | U15: Other service activities | V15: Total services | W15: Motor Trades | X15: Wholesale | Y15: Retail
C16: B-S | D16: B | E16: C | F16: D | G16: E | H16: F | I16: G | J16: H | K16: I | L16: J | M16: K | N16: L | O16: M | P16: N | Q16: O | R16: P | S16: Q | T16: R | U16: S | V16: G-S | W16: 45 | X16: 46 | Y16: 47
C17: AP2Y | D17: JP9H | E17: JP9I | F17: JP9J | G17: JP9K | H17: JP9L | I17: JP9M | J17: JP9N | K17: JP9O | L17: JP9P | M17: JP9Q | N17: JP9R | O17: JP9S | P17: JP9T | Q17: JP9U | R17: JP9V | S17: JP9W | T17: JP9X | U17: JP9Y | V17: JP9Z
A18: Levels (thousands)
A20: Apr-Jun 2001 | B20: (r) | C20: 680 | D20: 2 | E20: 75 | F20: 2 | G20: 3 | H20: 31 | I20: 131 | J20: 29 | K20: 59 | L20: 50 | M20: 31 | N20: 8 | O20: 55 | P20: 41 | Q20: 17 | R20: 32 | S20: 79 | T20: 18 | U20: 19 | V20: 568 | W20: 11 | X20: 27 | Y20: 93
A21: May-Jul 2001 | B21: (r) | C21: 674 | D21: 2 | E21: 75 | F21: 2 | G21: 3 | H21: 30 | I21: 130 | J21: 29 | K21: 60 | L21: 48 | M21: 30 | N21: 7 | O21: 53 | P21: 39 | Q21: 16 | R21: 32 | S21: 83 | T21: 17 | U21: 19 | V21: 563 | W21: 10 | X21: 27 | Y21: 93
A22: Jun-Aug 2001 | B22: (r) | C22: 663 | D22: 2 | E22: 73 | F22: 3 | G22: 2 | H22: 29 | I22: 129 | J22: 30 | K22: 58 | L22: 47 | M22: 28 | N22: 6 | O22: 53 | P22: 39 | Q22: 16 | R22: 31 | S22: 85 | T22: 16 | U22: 18 | V22: 555 | W22: 9 | X22: 26 | Y22: 94
A23: Jul-Sep 2001 | B23: (r) | C23: 664 | D23: 1 | E23: 72 | F23: 3 | G23: 3 | H23: 31 | I23: 122 | J23: 30 | K23: 63 | L23: 46 | M23: 29 | N23: 6 | O23: 53 | P23: 39 | Q23: 16 | R23: 32 | S23: 85 | T23: 16 | U23: 17 | V23: 554 | W23: 10 | X23: 26 | Y23: 86
A24: Aug-Oct 2001 | B24: (r) | C24: 639 | D24: 1 | E24: 68 | F24: 3 | G24: 2 | H24: 29 | I24: 119 | J24: 29 | K24: 59 | L24: 44 | M24: 28 | N24: 6 | O24: 52 | P24: 38 | Q24: 15 | R24: 32 | S24: 83 | T24: 15 | U24: 16 | V24: 536 | W24: 10 | X24: 25 | Y24: 84
A25: Sep-Nov 2001 | B25: (r) | C25: 626 | D25: 1 | E25: 66 | F25: 2 | G25: 2 | H25: 28 | I25: 120 | J25: 27 | K25: 59 | L25: 43 | M25: 30 | N25: 6 | O25: 49 | P25: 36 | Q25: 16 | R25: 32 | S25: 79 | T25: 14 | U25: 15 | V25: 526 | W25: 11 | X25: 24 | Y25: 86
A26: Oct-Dec 2001 | B26: (r) | C26: 602 | D26: 1 | E26: 61 | F26: 2 | G26: 2 | H26: 25 | I26: 121 | J26: 25 | K26: 53 | L26: 40 | M26: 29 | N26: 5 | O26: 46 | P26: 34 | Q26: 16 | R26: 33 | S26: 80 | T26: 13 | U26: 15 | V26: 511 | W26: 10 | X26: 22 | Y26: 88
A27: Nov- Jan 2002 | B27: (r) | C27: 606 | D27: 1 | E27: 66 | F27: 2 | G27: 2 | H27: 22 | I27: 126 | J27: 26 | K27: 54 | L27: 41 | M27: 28 | N27: 5 | O27: 44 | P27: 32 | Q27: 17 | R27: 33 | S27: 80 | T27: 13 | U27: 15 | V27: 512 | W27: 10 | X27: 26 | Y27: 91
A28: Dec-Feb 2002 | B28: (r) | C28: 616 | D28: 1 | E28: 66 | F28: 2 | G28: 2 | H28: 25 | I28: 125 | J28: 27 | K28: 56 | L28: 42 | M28: 26 | N28: 5 | O28: 43 | P28: 32 | Q28: 16 | R28: 33 | S28: 86 | T28: 15 | U28: 16 | V28: 521 | W28: 10 | X28: 25 | Y28: 91
A29: Jan-Mar 2002 | B29: (r) | C29: 619 | D29: 1 | E29: 65 | F29: 2 | G29: 2 | H29: 26 | I29: 126 | J29: 26 | K29: 56 | L29: 43 | M29: 26 | N29: 6 | O29: 43 | P29: 32 | Q29: 16 | R29: 35 | S29: 84 | T29: 14 | U29: 16 | V29: 523 | W29: 9 | X29: 24 | Y29: 93
A30: Feb-Apr 2002 | B30: (r) | C30: 619 | D30: 1 | E30: 64 | F30: 2 | G30: 2 | H30: 26 | I30: 125 | J30: 29 | K30: 56 | L30: 44 | M30: 25 | N30: 6 | O30: 44 | P30: 32 | Q30: 15 | R30: 33 | S30: 83 | T30: 16 | U30: 17 | V30: 524 | W30: 9 | X30: 22 | Y30: 94
A31: Mar-May 2002 | B31: (r) | C31: 613 | D31: 1 | E31: 64 | F31: 2 | G31: 2 | H31: 25 | I31: 120 | J31: 31 | K31: 55 | L31: 44 | M31: 25 | N31: 6 | O31: 44 | P31: 33 | Q31: 15 | R31: 33 | S31: 83 | T31: 14 | U31: 15 | V31: 518 | W31: 9 | X31: 22 | Y31: 88
... A317: Jan-Mar 2026 | B317: (p) | C317: 711 | D317: 1 | E317: 50 | F317: 3 | G317: 6 | H317: 26 | I317: 88 | J317: 34 | K317: 71 | L317: 36 | M317: 32 | N317: 13 | O317: 75 | P317: 48 | Q317: 29 | R317: 47 | S317: 125 | T317: 14 | U317: 14 | V317: 625 | W317: 14 | X317: 25 | Y317: 49
A319: 1. Excludes Agriculture, Forestry and Fishing.
A320: 2. Not seasonally adjusted. These series do not display seasonality. Therefore the unadjusted series is the best estimate of a 'seasonally adjusted' series.
A321: (r) We have taken on revisions to estimates of vacancies this period due to a review of our seasonal adjustment parameters, and updates to our Northern Ireland scaling factor, with additional revisions to vacancies per 100 employee jobs ratios due to taking on the latest employee jobs estimates in the denominators. More information on these regular annual revisions can be found in Vacancy Survey QMI

Sheet 22
A2: 46113 | H2: Date of next publication: 19 May 2026
B3: labour.market@ons.gov.uk
A6: 46357
C7: Economically active 1 | F7: Employment | I7: Unemployment | L7: Economically inactive
C8: Aged 16+ | D8: Aged 16-64 | F8: Aged 16+ | G8: Aged 16-64 | I8: Aged 16+ | J8: Aged 16+ | L8: Aged 16-64 | M8: Aged 16-64
B9: Area Names | C9: Level | D9: Rate (%)2 | F9: Level | G9: Rate (%)2 | I9: Level | J9: Rate (%)3 | L9: Level | M9: Rate (%)2
B11: United Kingdom | C11: 36107579 | D11: 79.023647 | F11: 34327521 | G11: 75.040638 | I11: 1780058.1 | J11: 4.9298737 | L11: 9115676.1 | M11: 20.976353
B12: Great Britain | C12: 35199085 | D12: 79.198062 | F12: 33438772 | G12: 75.149482 | I12: 1760313.3 | J12: 5.0010201 | L12: 8792027.2 | M12: 20.801938
B13: England | C13: 30901316 | D13: 79.59778 | F13: 29313040 | G13: 75.421345 | I13: 1588275.7 | J13: 5.1398321 | L13: 7530521.5 | M13: 20.40222
B14: North East | C14: 1339708.9 | D14: 75.865708 | F14: 1258537.7 | G14: 71.328011 | I14: 81171.218 | J14: 6.0588699 | L14: 411790.87 | M14: 24.134292
B15: North West | C15: 3921041.1 | D15: 77.412564 | F15: 3739000.8 | G15: 73.845079 | I15: 182040.3 | J15: 4.6426521 | L15: 1092647.1 | M15: 22.587436
B16: Yorkshire and The Humber | C16: 2871821.5 | D16: 77.029393 | F16: 2715095.5 | G16: 72.644406 | I16: 156726.01 | J16: 5.4573729 | L16: 815722.54 | M16: 22.970607
B17: East Midlands | C17: 2648906.2 | D17: 79.694759 | F17: 2503317.2 | G17: 75.140037 | I17: 145589.02 | J17: 5.4961939 | L17: 640209.83 | M17: 20.305241
B18: West Midlands | C18: 3111464.6 | D18: 77.851178 | F18: 2939289.2 | G18: 73.40357 | I18: 172175.38 | J18: 5.5335801 | L18: 847849.81 | M18: 22.148822
B19: East | C19: 3477650 | D19: 81.344618 | F19: 3335520.4 | G19: 77.949662 | I19: 142129.67 | J19: 4.0869458 | L19: 752400.29 | M19: 18.655382
B20: London | C20: 5278951.5 | D20: 80.256835 | F20: 4890589.5 | G20: 74.304142 | I20: 388361.96 | J20: 7.3568011 | L20: 1243682 | M20: 19.743165
B21: South East | C21: 5147411.2 | D21: 81.903086 | F21: 4948556.9 | G21: 78.629122 | I21: 198854.33 | J21: 3.8631911 | L21: 1073342.5 | M21: 18.096914
B22: South West | C22: 3104361 | D22: 81.717531 | F22: 2983133.1 | G22: 78.47268 | I22: 121227.85 | J22: 3.9050823 | L22: 652876.65 | M22: 18.282469
... B25: Northern Ireland | C25: 908493.93 | D25: 72.836671 | F25: 888749.19 | G25: 71.179652 | I25: 19744.732 | J25: 2.1733478 | L25: 323648.89 | M25: 27.163329
A27: 45901
A29: 45901
C30: Economically active 1 | F30: Employment | I30: Unemployment | L30: Economically inactive
C31: Aged 16+ | D31: Aged 16-64 | F31: Aged 16+ | G31: Aged 16-64 | I31: Aged 16+ | J31: Aged 16+ | L31: Aged 16-64 | M31: Aged 16-64
B32: Area Names | C32: Level | D32: Rate (%)2 | F32: Level | G32: Rate (%)2 | I32: Level | J32: Rate (%)3 | L32: Level | M32: Rate (%)2
B34: United Kingdom | C34: -35467.934 | D34: -0.1845019 | F34: 24336.348 | G34: -0.05235347 | I34: -59804.282 | J34: -0.16062773 | L34: 94583.013 | M34: 0.1845019
B35: Great Britain | C35: -28324.604 | D35: -0.16796969 | F35: 32039.057 | G35: -0.030767648 | I35: -60363.661 | J35: -0.16733317 | L35: 85178.955 | M35: 0.16796969
B36: England | C36: 6489.2834 | D36: -0.13209724 | F36: 52045.61 | G36: -0.0050859101 | I36: -45556.327 | J36: -0.14853576 | L36: 62273.613 | M36: 0.13209724
B37: North East | C37: 21830.409 | D37: 1.8452322 | F37: 22887.522 | G37: 2.1576529 | I37: -1057.113 | J37: -0.18057727 | L37: -30677.574 | M37: -1.8452322
B38: North West | C38: -12917.329 | D38: -0.31516188 | F38: 1889.0289 | G38: 0.051693657 | I38: -14806.357 | J38: -0.36112865 | L38: 17172.896 | M38: 0.31516188
B39: Yorkshire and The Humber | C39: -10778.453 | D39: -0.42381138 | F39: -3980.9578 | G39: -0.31146589 | I39: -6797.4954 | J39: -0.21540537 | L39: 16479.679 | M39: 0.42381138
B40: East Midlands | C40: 14092.165 | D40: -0.22957072 | F40: 25688.075 | G40: 0.15135723 | I40: -11595.91 | J40: -0.46949965 | L40: 8366.6553 | M40: 0.22957072
B41: West Midlands | C41: -24920.098 | D41: -0.69790633 | F41: -13299.576 | G41: -0.27522126 | I41: -11620.522 | J41: -0.32653992 | L41: 28192.956 | M41: 0.69790633
B42: East | C42: -33756.262 | D42: -0.83771346 | F42: -23289.452 | G42: -0.56533718 | I42: -10466.811 | J42: -0.2587912 | L42: 35052.932 | M42: 0.83771346
B43: London | C43: 46622.042 | D43: 0.52123846 | F43: 34152.168 | G43: 0.26289528 | I43: 12469.874 | J43: 0.17277168 | L43: -30423.539 | M43: -0.52123846
B44: South East | C44: -6492.2148 | D44: -0.32729705 | F44: 6547.1367 | G44: -0.18180817 | I44: -13039.352 | J44: -0.24813319 | L44: 21299.383 | M44: 0.32729705
B45: South West | C45: 12809.025 | D45: 0.12255573 | F45: 1451.6663 | G45: -0.20532045 | I45: 11357.358 | J45: 0.35118787 | L45: -3189.774 | M45: -0.12255573
... B48: Northern Ireland | C48: -7143.3303 | D48: -0.77757477 | F48: -7702.7091 | G48: -0.82172544 | I48: 559.37878 | J48: 0.078047086 | L48: 9404.0579 | M48: 0.77757477
A51: 45992
C52: Economically active 1 | F52: Employment | I52: Unemployment | L52: Economically inactive
C53: Aged 16+ | D53: Aged 16-64 | F53: Aged 16+ | G53: Aged 16-64 | I53: Aged 16+ | J53: Aged 16+ | L53: Aged 16-64 | M53: Aged 16-64
B54: Area Names | C54: Level | D54: Rate (%)2 | F54: Level | G54: Rate (%)2 | I54: Level | J54: Rate (%)3 | L54: Level | M54: Rate (%)2
B56: United Kingdom | C56: 537462.84 | D56: 0.40185698 | F56: 331811.18 | G56: -0.025411738 | I56: 205651.66 | J56: 0.50366836 | L56: -108670.47 | M56: -0.40185698
B57: Great Britain | C57: 531833.65 | D57: 0.40152286 | F57: 332372.31 | G57: -0.022777862 | I57: 199461.34 | J57: 0.49863842 | L57: -104887 | M57: -0.40152286
B58: England | C58: 525194.62 | D58: 0.44207065 | F58: 309568.37 | G58: -0.085211563 | I58: 215626.26 | J58: 0.62098823 | L58: -101769.23 | M58: -0.44207065
B59: North East | C59: 60688.366 | D59: 2.7915945 | F59: 40521.397 | G59: 1.6008608 | I59: 20166.969 | J59: 1.2892631 | L59: -43957.489 | M59: -2.7915945
B60: North West | C60: 42603.159 | D60: -0.15519026 | F60: 9614.6785 | G60: -0.75264573 | I60: 32988.481 | J60: 0.79956325 | L60: 16149.438 | M60: 0.15519026
B61: Yorkshire and The Humber | C61: 69578.96 | D61: 0.81976555 | F61: 31554.814 | G61: -0.28277325 | I61: 38024.147 | J61: 1.2214133 | L61: -22417.986 | M61: -0.81976555
B62: East Midlands | C62: 90728.288 | D62: 1.2741223 | F62: 57797.165 | G62: 0.30694169 | I62: 32931.122 | J62: 1.0923603 | L62: -34621.742 | M62: -1.2741223
B63: West Midlands | C63: 47507.078 | D63: 0.72451933 | F63: 9865.5686 | G63: -0.16920215 | I63: 37641.509 | J63: 1.1427269 | L63: -20801.23 | M63: -0.72451933
B64: East | C64: 17978.084 | D64: -0.52926228 | F64: 36384.298 | G64: 0.01757154 | I64: -18406.214 | J64: -0.55325965 | L64: 26938.415 | M64: 0.52926228
B65: London | C65: 142796.72 | D65: 1.1401854 | F65: 89513.558 | G65: 0.44225597 | I65: 53283.159 | J65: 0.83287771 | L65: -60908.019 | M65: -1.1401854
B66: South East | C66: 82439.29 | D66: 0.17025019 | F66: 81260.974 | G66: 0.1253638 | I66: 1178.3164 | J66: -0.03961465 | L66: -1505.1664 | M66: -0.17025019
B67: South West | C67: -29125.318 | D67: -0.96593293 | F67: -46944.087 | G67: -1.4402351 | I67: 17818.769 | J67: 0.60495357 | L67: 39354.555 | M67: 0.96593293
... B70: Northern Ireland | C70: 5629.1892 | D70: 0.38368669 | F70: -561.13012 | G70: -0.13708952 | I70: 6190.3193 | J70: 0.67208046 | L70: -3783.4761 | M70: -0.38368669
M71: Source: Labour Force Survey
M72: Labour market statistics enquiries: labour.market@ons.gov.uk
A73: 59933
A75: 43466
A77: 43466

Sheet 1 UK
A1: CLA01: Claimant Count, United Kingdom1,2,3
A2: This worksheet contains one table. Some cells may refer to notes which can be found on the notes worksheet tab.
A3: Some shorthand may have been used in the spreadsheet, [w] - none recorded in survey, [c] - confidential, [z] - not applicable, [p] - provisional, [r] - revised
A4: Source: Claimant Count, Office for National Statistics
A5: Time period and dataset code row | B5: People: level seasonally adjusted (thousands) | C5: People: rateseasonally adjusted (%)2 | D5: People: level not seasonally adjusted (thousands) | E5: People: rate not seasonally adjusted (%)2 | F5: Men: level seasonally adjusted (thousands) | G5: Men: rate seasonally adjusted (%)2 | H5: Men: level not seasonally adjusted (thousands) | I5: Men: rate not seasonally adjusted (%)2 | J5: Women: level seasonally adjusted (thousands) | K5: Women: rate seasonally adjusted (%)2 | L5: Women: level not seasonally adjusted (thousands) | M5: Women: rate not seasonally adjusted (%)2 | N5: Notes3
A6: Dataset identifier code | B6: BCJD | C6: BCJE | D6: BCJA | E6: BCJB | F6: DPAE | G6: DPAH | H6: DPAA | I6: DPAC | J6: DPAF | K6: DPAI | L6: DPAB | M6: DPAD
A7: January 1971 | B7: 533.6 | C7: 2 | D7: 682.8 | E7: 2.6 | F7: 462.2 | G7: 2.7 | H7: 591.5 | I7: 3.4 | J7: 71.4 | K7: 0.8 | L7: 91.3 | M7: 1 | N7: 5 week month
A8: February 1971 | B8: 552.3 | C8: 2.1 | D8: 690.9 | E8: 2.6 | F8: 477.1 | G8: 2.8 | H8: 596.5 | I8: 3.5 | J8: 75.2 | K8: 0.8 | L8: 94.4 | M8: 1
A9: March 1971 | B9: 573.5 | C9: 2.2 | D9: 705.3 | E9: 2.6 | F9: 494.2 | G9: 2.9 | H9: 607.4 | I9: 3.5 | J9: 79.3 | K9: 0.8 | L9: 97.9 | M9: 1
A10: April 1971 | B10: 599.1 | C10: 2.2 | D10: 714.7 | E10: 2.7 | F10: 519.3 | G10: 3 | H10: 618.9 | I10: 3.6 | J10: 79.8 | K10: 0.8 | L10: 95.8 | M10: 1
A11: May 1971 | B11: 641.7 | C11: 2.4 | D11: 720 | E11: 2.7 | F11: 554.9 | G11: 3.2 | H11: 623.8 | I11: 3.6 | J11: 86.8 | K11: 0.9 | L11: 96.2 | M11: 1 | N11: 5 week month
A12: June 1971 | B12: 655.2 | C12: 2.5 | D12: 696 | E12: 2.6 | F12: 567.1 | G12: 3.3 | H12: 606.4 | I12: 3.5 | J12: 88.1 | K12: 0.9 | L12: 89.6 | M12: 0.9
A13: July 1971 | B13: 662.9 | C13: 2.5 | D13: 711.7 | E13: 2.7 | F13: 574.8 | G13: 3.3 | H13: 618.9 | I13: 3.6 | J13: 88.1 | K13: 0.9 | L13: 92.7 | M13: 1
A14: August 1971 | B14: 664.1 | C14: 2.5 | D14: 759 | E14: 2.8 | F14: 578.3 | G14: 3.4 | H14: 653.8 | I14: 3.8 | J14: 85.8 | K14: 0.9 | L14: 105.2 | M14: 1.1 | N14: 5 week month
A15: September 1971 | B15: 684 | C15: 2.6 | D15: 783.6 | E15: 2.9 | F15: 591.6 | G15: 3.4 | H15: 670.7 | I15: 3.9 | J15: 92.4 | K15: 1 | L15: 112.9 | M15: 1.2
A16: October 1971 | B16: 715.8 | C16: 2.7 | D16: 815.6 | E16: 3.1 | F16: 616.9 | G16: 3.6 | H16: 694.9 | I16: 4 | J16: 98.9 | K16: 1 | L16: 120.7 | M16: 1.3 | N16: 5 week month
A17: November 1971 | B17: 747.6 | C17: 2.8 | D17: 857.4 | E17: 3.2 | F17: 644.3 | G17: 3.7 | H17: 730.7 | I17: 4.2 | J17: 103.3 | K17: 1.1 | L17: 126.7 | M17: 1.3
A18: December 1971 | B18: 757.7 | C18: 2.8 | D18: 878.5 | E18: 3.3 | F18: 652.2 | G18: 3.8 | H18: 752.8 | I18: 4.4 | J18: 105.5 | K18: 1.1 | L18: 125.8 | M18: 1.3
A19: January 1972 | B19: 754.1 | C19: 2.8 | D19: 936.1 | E19: 3.5 | F19: 651 | G19: 3.8 | H19: 802.5 | I19: 4.7 | J19: 103.1 | K19: 1.1 | L19: 133.6 | M19: 1.4 | N19: 5 week month
A20: February 1972 | B20: 768.5 | C20: 2.9 | D20: 936.6 | E20: 3.5 | F20: 663.3 | G20: 3.9 | H20: 802.8 | I20: 4.7 | J20: 105.2 | K20: 1.1 | L20: 133.8 | M20: 1.4
A21: March 1972 | B21: 779.6 | C21: 2.9 | D21: 938 | E21: 3.5 | F21: 671.3 | G21: 3.9 | H21: 802.5 | I21: 4.7 | J21: 108.3 | K21: 1.1 | L21: 135.5 | M21: 1.4
A22: April 1972 | B22: 775.9 | C22: 2.9 | D22: 918.4 | E22: 3.4 | F22: 666.2 | G22: 3.9 | H22: 784.1 | I22: 4.6 | J22: 109.7 | K22: 1.1 | L22: 134.3 | M22: 1.4 | N22: 5 week month
A23: May 1972 | B23: 745.8 | C23: 2.8 | D23: 840.9 | E23: 3.1 | F23: 637.8 | G23: 3.7 | H23: 718.3 | I23: 4.2 | J23: 108 | K23: 1.1 | L23: 122.6 | M23: 1.3
A24: June 1972 | B24: 722.4 | C24: 2.7 | D24: 777.6 | E24: 2.9 | F24: 617 | G24: 3.6 | H24: 666.3 | I24: 3.9 | J24: 105.4 | K24: 1.1 | L24: 111.4 | M24: 1.2
A25: July 1972 | B25: 709.8 | C25: 2.7 | D25: 776.2 | E25: 2.9 | F25: 607 | G25: 3.5 | H25: 662.3 | I25: 3.9 | J25: 102.8 | K25: 1.1 | L25: 113.9 | M25: 1.2 | N25: 5 week month
A26: August 1972 | B26: 692.7 | C26: 2.6 | D26: 808.5 | E26: 3 | F26: 593.6 | G26: 3.5 | H26: 681.8 | I26: 4 | J26: 99.1 | K26: 1 | L26: 126.7 | M26: 1.3
A27: September 1972 | B27: 696.7 | C27: 2.6 | D27: 809.5 | E27: 3 | F27: 596.8 | G27: 3.5 | H27: 683.9 | I27: 4 | J27: 99.9 | K27: 1 | L27: 125.6 | M27: 1.3 | N27: 5 week month
A28: October 1972 | B28: 680.7 | C28: 2.5 | D28: 783.5 | E28: 2.9 | F28: 580.2 | G28: 3.4 | H28: 659.7 | I28: 3.9 | J28: 100.5 | K28: 1 | L28: 123.7 | M28: 1.3
A29: November 1972 | B29: 666.2 | C29: 2.5 | D29: 771.4 | E29: 2.9 | F29: 565.6 | G29: 3.3 | H29: 648.1 | I29: 3.8 | J29: 100.6 | K29: 1 | L29: 123.3 | M29: 1.3
A30: December 1972 | B30: 639.4 | C30: 2.4 | D30: 751.6 | E30: 2.8 | F30: 540.6 | G30: 3.2 | H30: 634.4 | I30: 3.7 | J30: 98.8 | K30: 1 | L30: 117.2 | M30: 1.2 | N30: 5 week month
A31: January 1973 | B31: 603.7 | C31: 2.2 | D31: 776.6 | E31: 2.9 | F31: 510.7 | G31: 3 | H31: 654.9 | I31: 3.8 | J31: 93 | K31: 0.9 | L31: 121.7 | M31: 1.2
A32: February 1973 | B32: 574.3 | C32: 2.1 | D32: 725.4 | E32: 2.7 | F32: 484.7 | G32: 2.8 | H32: 611.9 | I32: 3.6 | J32: 89.6 | K32: 0.9 | L32: 113.5 | M32: 1.1
A33: March 1973 | B33: 560.3 | C33: 2.1 | D33: 693 | E33: 2.6 | F33: 471.7 | G33: 2.8 | H33: 585.2 | I33: 3.4 | J33: 88.6 | K33: 0.9 | L33: 107.8 | M33: 1.1
A34: April 1973 | B34: 547.2 | C34: 2 | D34: 656.8 | E34: 2.4 | F34: 459.1 | G34: 2.7 | H34: 554.5 | I34: 3.2 | J34: 88.1 | K34: 0.9 | L34: 102.3 | M34: 1 | N34: 5 week month
A35: May 1973 | B35: 537.6 | C35: 2 | D35: 601.8 | E35: 2.2 | F35: 452.3 | G35: 2.6 | H35: 512.2 | I35: 3 | J35: 85.3 | K35: 0.9 | L35: 89.7 | M35: 0.9
A36: June 1973 | B36: 530.2 | C36: 2 | D36: 556.8 | E36: 2.1 | F36: 445.5 | G36: 2.6 | H36: 476.1 | I36: 2.8 | J36: 84.7 | K36: 0.9 | L36: 80.7 | M36: 0.8 | N36: 5 week month
A37: July 1973 | B37: 506.3 | C37: 1.9 | D37: 541.5 | E37: 2 | F37: 426.5 | G37: 2.5 | H37: 461.1 | I37: 2.7 | J37: 79.8 | K37: 0.8 | L37: 80.5 | M37: 0.8
A38: August 1973 | B38: 486.8 | C38: 1.8 | D38: 552.9 | E38: 2 | F38: 412 | G38: 2.4 | H38: 467.5 | I38: 2.7 | J38: 74.8 | K38: 0.8 | L38: 85.4 | M38: 0.9
A39: September 1973 | B39: 469.4 | C39: 1.7 | D39: 530.9 | E39: 2 | F39: 397.4 | G39: 2.3 | H39: 449.7 | I39: 2.6 | J39: 72 | K39: 0.7 | L39: 81.2 | M39: 0.8 | N39: 5 week month
A40: October 1973 | B40: 456.5 | C40: 1.7 | D40: 513.1 | E40: 1.9 | F40: 387.2 | G40: 2.3 | H40: 435.6 | I40: 2.5 | J40: 69.3 | K40: 0.7 | L40: 77.5 | M40: 0.8
A41: November 1973 | B41: 441.2 | C41: 1.6 | D41: 503 | E41: 1.9 | F41: 375.3 | G41: 2.2 | H41: 428.4 | I41: 2.5 | J41: 65.9 | K41: 0.7 | L41: 74.6 | M41: 0.7
A42: December 1973 | B42: 422.6 | C42: 1.6 | D42: 495.5 | E42: 1.8 | F42: 358.4 | G42: 2.1 | H42: 425 | I42: 2.5 | J42: 64.2 | K42: 0.6 | L42: 70.5 | M42: 0.7 | N42: 5 week month
A43: January 1974 | B43: 468.7 | C43: 1.7 | D43: 611.5 | E43: 2.3 | F43: 399 | G43: 2.4 | H43: 521.7 | I43: 3.1 | J43: 69.7 | K43: 0.7 | L43: 89.9 | M43: 0.9
A44: February 1974 | B44: 486.6 | C44: 1.8 | D44: 612.5 | E44: 2.3 | F44: 414.6 | G44: 2.4 | H44: 523.6 | I44: 3.1 | J44: 72 | K44: 0.7 | L44: 88.9 | M44: 0.9 | N44: 5 week month
A45: March 1974 | B45: 494.8 | C45: 1.8 | D45: 601.5 | E45: 2.2 | F45: 422.1 | G45: 2.5 | H45: 517.1 | I45: 3 | J45: 72.7 | K45: 0.7 | L45: 84.4 | M45: 0.8
A46: April 1974 | B46: 497.4 | C46: 1.8 | D46: 588 | E46: 2.2 | F46: 420.8 | G46: 2.5 | H46: 502.6 | I46: 3 | J46: 76.6 | K46: 0.8 | L46: 85.4 | M46: 0.8
A47: May 1974 | B47: 494.3 | C47: 1.8 | D47: 545.8 | E47: 2 | F47: 418.7 | G47: 2.5 | H47: 469.9 | I47: 2.8 | J47: 75.6 | K47: 0.7 | L47: 75.9 | M47: 0.7
A48: June 1974 | B48: 508.9 | C48: 1.9 | D48: 527.5 | E48: 1.9 | F48: 429.5 | G48: 2.5 | H48: 455.6 | I48: 2.7 | J48: 79.4 | K48: 0.8 | L48: 71.9 | M48: 0.7 | N48: 5 week month
A49: July 1974 | B49: 510.8 | C49: 1.9 | D49: 552.1 | E49: 2 | F49: 434.5 | G49: 2.6 | H49: 472.3 | I49: 2.8 | J49: 76.3 | K49: 0.7 | L49: 79.8 | M49: 0.8
A50: August 1974 | B50: 530.2 | C50: 2 | D50: 626.8 | E50: 2.3 | F50: 451.1 | G50: 2.7 | H50: 524.7 | I50: 3.1 | J50: 79.1 | K50: 0.8 | L50: 102.1 | M50: 1
A51: September 1974 | B51: 534.3 | C51: 2 | D51: 621.7 | E51: 2.3 | F51: 453.9 | G51: 2.7 | H51: 520 | I51: 3.1 | J51: 80.4 | K51: 0.8 | L51: 101.6 | M51: 1 | N51: 5 week month
A52: October 1974 | B52: 539.7 | C52: 2 | D52: 615.4 | E52: 2.3 | F52: 461.7 | G52: 2.7 | H52: 520.2 | I52: 3.1 | J52: 78 | K52: 0.8 | L52: 95.3 | M52: 0.9
A53: November 1974 | B53: 544.9 | C53: 2 | D53: 629.8 | E53: 2.3 | F53: 465.7 | G53: 2.7 | H53: 531.3 | I53: 3.1 | J53: 79.2 | K53: 0.8 | L53: 98.4 | M53: 1 | N53: 5 week month
A54: December 1974 | B54: 558.5 | C54: 2.1 | D54: 661.1 | E54: 2.4 | F54: 476.3 | G54: 2.8 | H54: 559.1 | I54: 3.3 | J54: 82.2 | K54: 0.8 | L54: 101.9 | M54: 1
A55: January 1975 | B55: 587.8 | C55: 2.1 | D55: 771.8 | E55: 2.8 | F55: 499.8 | G55: 2.9 | H55: 635.1 | I55: 3.7 | J55: 88 | K55: 0.9 | L55: 136.7 | M55: 1.3
A56: February 1975 | B56: 609.1 | C56: 2.2 | D56: 791.8 | E56: 2.9 | F56: 515.1 | G56: 3 | H56: 650.2 | I56: 3.8 | J56: 94 | K56: 0.9 | L56: 141.6 | M56: 1.4 | N56: 5 week month
A57: March 1975 | B57: 641.7 | C57: 2.3 | D57: 802.6 | E57: 2.9 | F57: 539 | G57: 3.2 | H57: 657.7 | I57: 3.9 | J57: 102.7 | K57: 1 | L57: 144.9 | M57: 1.4
A58: April 1975 | B58: 683.4 | C58: 2.5 | D58: 845 | E58: 3.1 | F58: 573.5 | G58: 3.4 | H58: 690.2 | I58: 4 | J58: 109.9 | K58: 1.1 | L58: 154.9 | M58: 1.5
A59: May 1975 | B59: 734.4 | C59: 2.7 | D59: 850.3 | E59: 3.1 | F59: 612.2 | G59: 3.6 | H59: 693.9 | I59: 4.1 | J59: 122.2 | K59: 1.2 | L59: 156.4 | M59: 1.5
A60: June 1975 | B60: 774.2 | C60: 2.8 | D60: 866.1 | E60: 3.2 | F60: 644.5 | G60: 3.8 | H60: 706.6 | I60: 4.1 | J60: 129.7 | K60: 1.3 | L60: 159.4 | M60: 1.5 | N60: 5 week month
A61: July 1975 | B61: 818.7 | C61: 3 | D61: 990.1 | E61: 3.6 | F61: 681.3 | G61: 4 | H61: 784.5 | I61: 4.6 | J61: 137.4 | K61: 1.3 | L61: 205.6 | M61: 2
A62: August 1975 | B62: 845.8 | C62: 3.1 | D62: 1151 | E62: 4.2 | F62: 703.6 | G62: 4.1 | H62: 885.2 | I62: 5.2 | J62: 142.2 | K62: 1.4 | L62: 265.8 | M62: 2.6 | N62: 5 week month
A63: September 1975 | B63: 877 | C63: 3.2 | D63: 1145.5 | E63: 4.2 | F63: 727.2 | G63: 4.3 | H63: 883.3 | I63: 5.2 | J63: 149.8 | K63: 1.5 | L63: 262.2 | M63: 2.5
A64: October 1975 | B64: 934.4 | C64: 3.4 | D64: 1147.3 | E64: 4.2 | F64: 767.3 | G64: 4.5 | H64: 888.8 | I64: 5.2 | J64: 167.1 | K64: 1.6 | L64: 258.5 | M64: 2.5
A65: November 1975 | B65: 970.1 | C65: 3.5 | D65: 1168.9 | E65: 4.3 | F65: 794.7 | G65: 4.7 | H65: 909 | I65: 5.3 | J65: 175.4 | K65: 1.7 | L65: 259.9 | M65: 2.5 | N65: 5 week month
A66: December 1975 | B66: 997.1 | C66: 3.6 | D66: 1200.8 | E66: 4.4 | F66: 814.4 | G66: 4.8 | H66: 940.5 | I66: 5.5 | J66: 182.7 | K66: 1.8 | L66: 260.3 | M66: 2.5
A67: January 1976 | B67: 1022 | C67: 3.7 | D67: 1303.2 | E67: 4.7 | F67: 831.4 | G67: 4.9 | H67: 1017.4 | I67: 5.9 | J67: 190.6 | K67: 1.8 | L67: 285.8 | M67: 2.7
A68: February 1976 | B68: 1042.3 | C68: 3.8 | D68: 1304.4 | E68: 4.7 | F68: 843.3 | G68: 4.9 | H68: 1014.6 | I68: 5.9 | J68: 199 | K68: 1.9 | L68: 289.8 | M68: 2.8 | N68: 5 week month
A69: March 1976 | B69: 1055.6 | C69: 3.8 | D69: 1284.9 | E69: 4.7 | F69: 849.9 | G69: 5 | H69: 997.7 | I69: 5.8 | J69: 205.7 | K69: 2 | L69: 287.2 | M69: 2.8
A70: April 1976 | B70: 1070.1 | C70: 3.9 | D70: 1281.1 | E70: 4.6 | F70: 860.3 | G70: 5 | H70: 994.2 | I70: 5.8 | J70: 209.8 | K70: 2 | L70: 287 | M70: 2.8
A71: May 1976 | B71: 1088.2 | C71: 3.9 | D71: 1271.8 | E71: 4.6 | F71: 872.4 | G71: 5.1 | H71: 982.9 | I71: 5.7 | J71: 215.8 | K71: 2.1 | L71: 288.9 | M71: 2.8 | N71: 5 week month
A72: June 1976 | B72: 1085.5 | C72: 3.9 | D72: 1331.8 | E72: 4.8 | F72: 868.1 | G72: 5.1 | H72: 1009.4 | I72: 5.9 | J72: 217.4 | K72: 2.1 | L72: 322.4 | M72: 3.1
A73: July 1976 | B73: 1093 | C73: 4 | D73: 1463.5 | E73: 5.3 | F73: 869.6 | G73: 5.1 | H73: 1071.2 | I73: 6.3 | J73: 223.4 | K73: 2.1 | L73: 392.2 | M73: 3.8
A74: August 1976 | B74: 1107.6 | C74: 4 | D74: 1502 | E74: 5.5 | F74: 874.2 | G74: 5.1 | H74: 1092.2 | I74: 6.4 | J74: 233.4 | K74: 2.2 | L74: 408.8 | M74: 3.9 | N74: 5 week month
A75: September 1976 | B75: 1107 | C75: 4 | D75: 1455.7 | E75: 5.3 | F75: 871.5 | G75: 5.1 | H75: 1059.8 | I75: 6.2 | J75: 235.5 | K75: 2.3 | L75: 395.9 | M75: 3.8
A76: October 1976 | B76: 1097.8 | C76: 4 | D76: 1377.1 | E76: 5 | F76: 862.2 | G76: 5 | H76: 1010 | I76: 5.9 | J76: 235.6 | K76: 2.3 | L76: 367.1 | M76: 3.5 | N76: 5 week month
A77: November 1976 | B77: 1105.1 | C77: 4 | D77: 1366.5 | E77: 5 | F77: 864.7 | G77: 5 | H77: 1011.6 | I77: 5.9 | J77: 240.4 | K77: 2.3 | L77: 354.9 | M77: 3.4
A78: December 1976 | B78: 1108.8 | C78: 4 | D78: 1371 | E78: 5 | F78: 865.4 | G78: 5.1 | H78: 1019.5 | I78: 5.9 | J78: 243.4 | K78: 2.3 | L78: 351.5 | M78: 3.4
A79: January 1977 | B79: 1111.1 | C79: 4 | D79: 1448.2 | E79: 5.2 | F79: 863.6 | G79: 5.1 | H79: 1074.1 | I79: 6.3 | J79: 247.5 | K79: 2.3 | L79: 374.1 | M79: 3.5 | N79: 5 week month
A80: February 1977 | B80: 1107.4 | C80: 4 | D80: 1421.8 | E80: 5.1 | F80: 859.7 | G80: 5 | H80: 1055.5 | I80: 6.2 | J80: 247.7 | K80: 2.3 | L80: 366.3 | M80: 3.5
A81: March 1977 | B81: 1107.9 | C81: 4 | D81: 1383.5 | E81: 5 | F81: 858.9 | G81: 5 | H81: 1028.5 | I81: 6 | J81: 249 | K81: 2.4 | L81: 355 | M81: 3.4
A82: April 1977 | B82: 1117.6 | C82: 4 | D82: 1392.3 | E82: 5 | F82: 865.7 | G82: 5.1 | H82: 1032.4 | I82: 6 | J82: 251.9 | K82: 2.4 | L82: 359.9 | M82: 3.4 | N82: 5 week month
A83: May 1977 | B83: 1119.7 | C83: 4 | D83: 1341.7 | E83: 4.8 | F83: 866 | G83: 5.1 | H83: 994.3 | I83: 5.8 | J83: 253.7 | K83: 2.4 | L83: 347.4 | M83: 3.3
A84: June 1977 | B84: 1149.3 | C84: 4.2 | D84: 1450.1 | E84: 5.2 | F84: 886.7 | G84: 5.2 | H84: 1050.8 | I84: 6.2 | J84: 262.6 | K84: 2.5 | L84: 399.3 | M84: 3.8
A85: July 1977 | B85: 1169.8 | C85: 4.2 | D85: 1622.4 | E85: 5.9 | F85: 896 | G85: 5.2 | H85: 1132.7 | I85: 6.6 | J85: 273.8 | K85: 2.6 | L85: 489.6 | M85: 4.6 | N85: 5 week month
A86: August 1977 | B86: 1172.7 | C86: 4.2 | D86: 1635.8 | E86: 5.9 | F86: 898.3 | G86: 5.3 | H86: 1143.5 | I86: 6.7 | J86: 274.4 | K86: 2.6 | L86: 492.3 | M86: 4.7
A87: September 1977 | B87: 1193.6 | C87: 4.3 | D87: 1609.1 | E87: 5.8 | F87: 910.3 | G87: 5.3 | H87: 1124.3 | I87: 6.6 | J87: 283.3 | K87: 2.7 | L87: 484.8 | M87: 4.6
A88: October 1977 | B88: 1188.1 | C88: 4.3 | D88: 1518.3 | E88: 5.5 | F88: 905.1 | G88: 5.3 | H88: 1070.8 | I88: 6.3 | J88: 283 | K88: 2.7 | L88: 447.6 | M88: 4.2 | N88: 5 week month
A89: November 1977 | B89: 1186.1 | C89: 4.3 | D89: 1499.1 | E89: 5.4 | F89: 900.4 | G89: 5.3 | H89: 1063.2 | I89: 6.2 | J89: 285.7 | K89: 2.7 | L89: 435.9 | M89: 4.1
A90: December 1977 | B90: 1181.5 | C90: 4.3 | D90: 1480.8 | E90: 5.4 | F90: 894.9 | G90: 5.2 | H90: 1060.7 | I90: 6.2 | J90: 286.6 | K90: 2.7 | L90: 420.1 | M90: 4
A91: January 1978 | B91: 1167.5 | C91: 4.2 | D91: 1548.5 | E91: 5.6 | F91: 885.3 | G91: 5.2 | H91: 1114.8 | I91: 6.6 | J91: 282.2 | K91: 2.6 | L91: 433.7 | M91: 4 | N91: 5 week month
A92: February 1978 | B92: 1150.9 | C92: 4.1 | D92: 1508.7 | E92: 5.4 | F92: 871.1 | G92: 5.1 | H92: 1089.6 | I92: 6.4 | J92: 279.8 | K92: 2.6 | L92: 419.1 | M92: 3.9
A93: March 1978 | B93: 1148.1 | C93: 4.1 | D93: 1461 | E93: 5.3 | F93: 868 | G93: 5.1 | H93: 1058.4 | I93: 6.2 | J93: 280.1 | K93: 2.6 | L93: 402.6 | M93: 3.7
A94: April 1978 | B94: 1147.3 | C94: 4.1 | D94: 1451.8 | E94: 5.2 | F94: 862.3 | G94: 5.1 | H94: 1045.4 | I94: 6.2 | J94: 285 | K94: 2.6 | L94: 406.4 | M94: 3.8 | N94: 5 week month
A95: May 1978 | B95: 1140.6 | C95: 4.1 | D95: 1386.8 | E95: 5 | F95: 856.5 | G95: 5 | H95: 1001.1 | I95: 5.9 | J95: 284.1 | K95: 2.6 | L95: 385.7 | M95: 3.6
A96: June 1978 | B96: 1140.3 | C96: 4.1 | D96: 1446.1 | E96: 5.2 | F96: 852.5 | G96: 5 | H96: 1022.9 | I96: 6 | J96: 287.8 | K96: 2.7 | L96: 423.1 | M96: 3.9
A97: July 1978 | B97: 1134.6 | C97: 4.1 | D97: 1585.8 | E97: 5.7 | F97: 846.6 | G97: 5 | H97: 1087.3 | I97: 6.4 | J97: 288 | K97: 2.7 | L97: 498.5 | M97: 4.6 | N97: 5 week month
A98: August 1978 | B98: 1144.6 | C98: 4.1 | D98: 1499.6 | E98: 5.4 | F98: 849.2 | G98: 5 | H98: 1059.6 | I98: 6.2 | J98: 295.4 | K98: 2.7 | L98: 440 | M98: 4.1
A99: September 1978 | B99: 1130.2 | C99: 4.1 | D99: 1418.4 | E99: 5.1 | F99: 838.7 | G99: 4.9 | H99: 1007.2 | I99: 5.9 | J99: 291.5 | K99: 2.7 | L99: 411.2 | M99: 3.8 | N99: 5 week month
A100: October 1978 | B100: 1115.4 | C100: 4 | D100: 1335.8 | E100: 4.8 | F100: 825.6 | G100: 4.9 | H100: 958.7 | I100: 5.6 | J100: 289.8 | K100: 2.7 | L100: 377.1 | M100: 3.5
...

Sheet AWE Real_CPI
B1: Total Pay Real AWE (2015 £) | C1: Total Pay Real AWE (%) | D1: Regular Pay Real AWE (2015 £) | E1: Regular Pay Real AWE (%)
A2: Current (3mo avg) | B2: =AVERAGE(OFFSET(INDEX(B$17:B$1048576,COUNT(B$17:B$1048576)),-2,0,3,1)) | C2: =INDEX(E$31:E$1048576,COUNT(E$31:E$1048576)) | D2: =AVERAGE(OFFSET(INDEX(F$17:F$1048576,COUNT(F$17:F$1048576)),-2,0,3,1)) | E2: =INDEX(I$31:I$1048576,COUNT(I$31:I$1048576))
A3: Change on quarter (3mo avg) | B3: =(AVERAGE(OFFSET(INDEX(B$17:B$1048576,COUNT(B$17:B$1048576)),-2,0,3,1))-AVERAGE(OFFSET(INDEX(B$17:B$1048576,COUNT(B$17:B$1048576)),-5,0,3,1)))*52 | C3: =INDEX(E$31:E$1048576,COUNT(E$31:E$1048576))-INDEX(E$31:E$1048576,COUNT(E$31:E$1048576)-3) | D3: =(AVERAGE(OFFSET(INDEX(F$17:F$1048576,COUNT(F$17:F$1048576)),-2,0,3,1))-AVERAGE(OFFSET(INDEX(F$17:F$1048576,COUNT(F$17:F$1048576)),-5,0,3,1)))*52 | E3: =INDEX(I$31:I$1048576,COUNT(I$31:I$1048576))-INDEX(I$31:I$1048576,COUNT(I$31:I$1048576)-3)
A4: Change year on year (3mo avg) | B4: =(AVERAGE(OFFSET(INDEX(B$17:B$1048576,COUNT(B$17:B$1048576)),-2,0,3,1))-AVERAGE(OFFSET(INDEX(B$17:B$1048576,COUNT(B$17:B$1048576)),-14,0,3,1)))*52 | C4: =INDEX(E$31:E$1048576,COUNT(E$31:E$1048576))-INDEX(E$31:E$1048576,COUNT(E$31:E$1048576)-12) | D4: =(AVERAGE(OFFSET(INDEX(F$17:F$1048576,COUNT(F$17:F$1048576)),-2,0,3,1))-AVERAGE(OFFSET(INDEX(F$17:F$1048576,COUNT(F$17:F$1048576)),-14,0,3,1)))*52 | E4: =INDEX(I$31:I$1048576,COUNT(I$31:I$1048576))-INDEX(I$31:I$1048576,COUNT(I$31:I$1048576)-12)
A5: Change since Covid-19 (2019 average) | B5: =(AVERAGE(OFFSET(INDEX(B$17:B$1048576,COUNT(B$17:B$1048576)),-2,0,3,1))-AVERAGE($B$256:$B$258))*52 | C5: =IFERROR((AVERAGE(OFFSET(INDEX(B$17:B$1048576,COUNT(B$17:B$1048576)),-2,0,3,1))/AVERAGE($B$256:$B$258))-1,"") | D5: =(AVERAGE(OFFSET(INDEX(F$17:F$1048576,COUNT(F$17:F$1048576)),-2,0,3,1))-AVERAGE($F$256:$F$258))*52 | E5: =IFERROR((AVERAGE(OFFSET(INDEX(F$17:F$1048576,COUNT(F$17:F$1048576)),-2,0,3,1))/AVERAGE($F$256:$F$258))-1,"")
A6: Change since 2010 | B6: =(AVERAGE(OFFSET(INDEX(B$17:B$1048576,COUNT(B$17:B$1048576)),-2,0,3,1))-AVERAGE($B$140:$B$142))*52 | C6: =IFERROR((AVERAGE(OFFSET(INDEX(B$17:B$1048576,COUNT(B$17:B$1048576)),-2,0,3,1))/AVERAGE($B$140:$B$142))-1,"") | D6: =(AVERAGE(OFFSET(INDEX(F$17:F$1048576,COUNT(F$17:F$1048576)),-2,0,3,1))-AVERAGE($F$140:$F$142))*52 | E6: =IFERROR((AVERAGE(OFFSET(INDEX(F$17:F$1048576,COUNT(F$17:F$1048576)),-2,0,3,1))/AVERAGE($F$140:$F$142))-1,"")
A7: Change since financial crisis | B7: =(AVERAGE(OFFSET(INDEX(B$17:B$1048576,COUNT(B$17:B$1048576)),-2,0,3,1))-AVERAGE($B$112:$B$114))*52 | C7: =IFERROR((AVERAGE(OFFSET(INDEX(B$17:B$1048576,COUNT(B$17:B$1048576)),-2,0,3,1))/AVERAGE($B$112:$B$114))-1,"") | D7: =(AVERAGE(OFFSET(INDEX(F$17:F$1048576,COUNT(F$17:F$1048576)),-2,0,3,1))-AVERAGE($F$112:$F$114))*52 | E7: =IFERROR((AVERAGE(OFFSET(INDEX(F$17:F$1048576,COUNT(F$17:F$1048576)),-2,0,3,1))/AVERAGE($F$112:$F$114))-1,"")
A8: Change since 2024 election | B8: =(AVERAGE(OFFSET(INDEX(B$17:B$1048576,COUNT(B$17:B$1048576)),-2,0,3,1))-AVERAGE($B$308:$B$310))*52 | C8: =IFERROR((AVERAGE(OFFSET(INDEX(B$17:B$1048576,COUNT(B$17:B$1048576)),-2,0,3,1))/AVERAGE($B$308:$B$310))-1,"") | D8: =(AVERAGE(OFFSET(INDEX(F$17:F$1048576,COUNT(F$17:F$1048576)),-2,0,3,1))-AVERAGE($F$308:$F$310))*52 | E8: =IFERROR((AVERAGE(OFFSET(INDEX(F$17:F$1048576,COUNT(F$17:F$1048576)),-2,0,3,1))/AVERAGE($F$308:$F$310))-1,"")
K9: Source: Monthly Wages and Salaries Survey
G10: Date of next publication: 19 May 2026
C11: earnings@ons.gov.uk | G11: Tel: 01633 456120
B13: Total pay, seasonally adjusted | F13: Regular Pay, seasonally adjusted
B14: Real AWE (2015 £) | C14: Real AWE (Index numbers 2015=100) | D14: % changes year on year | F14: Real AWE (2015 £) | G14: Real AWE (Index numbers 2015=100) | H14: % changes year on year
D15: Single month | E15: 3 month average | H15: Single month | I15: 3 month average
A17: 36526 | B17: 423.95274 | C17: 87.775943 | F17: 406.33163 | G17: 89.529611
A18: 36557 | B18: 414.27365 | C18: 85.771967 | F18: 405.80864 | G18: 89.414377
A19: 36586 | B19: 429.2198 | C19: 88.866446 | F19: 405.02115 | G19: 89.240865
A20: 36617 | B20: 426.46638 | C20: 88.296372 | F20: 404.98348 | G20: 89.232564
A21: 36647 | B21: 430.20738 | C21: 89.070916 | F21: 407.14371 | G21: 89.708541
A22: 36678 | B22: 428.76137 | C22: 88.771532 | F22: 406.55267 | G22: 89.578315
A23: 36708 | B23: 431.73994 | C23: 89.388221 | F23: 407.75068 | G23: 89.84228
A24: 36739 | B24: 434.52301 | C24: 89.964432 | F24: 410.10059 | G24: 90.360049
A25: 36770 | B25: 435.5864 | C25: 90.184597 | F25: 411.13102 | G25: 90.587091
A26: 36800 | B26: 435.9532 | C26: 90.260541 | F26: 412.51459 | G26: 90.89194
A27: 36831 | B27: 437.14814 | C27: 90.507943 | F27: 413.13673 | G27: 91.02902
A28: 36861 | B28: 443.05599 | C28: 91.731115 | F28: 415.15894 | G28: 91.474587
A29: 36892 | B29: 442.96724 | C29: 91.712741 | D29: 4.4850538 | F29: 416.82958 | G29: 91.842691 | H29: 2.583592
A30: 36923 | B30: 446.10765 | C30: 92.362937 | D30: 7.6842932 | F30: 417.68342 | G30: 92.030822 | H30: 2.9262008
A31: 36951 | B31: 444.84303 | C31: 92.101107 | D31: 3.6399132 | E31: 5.2445413 | F31: 419.02188 | G31: 92.325733 | H31: 3.4567887 | I31: 2.9883836
A32: 36982 | B32: 446.02187 | C32: 92.345176 | D32: 4.585471 | E32: 5.2767592 | F32: 422.16823 | G32: 93.018988 | H32: 4.2433206 | I32: 3.5416827
A33: 37012 | B33: 444.23317 | C33: 91.974842 | D33: 3.2602404 | E33: 3.8264843 | F33: 419.86247 | G33: 92.510947 | H33: 3.1239011 | I33: 3.6071396
A34: 37043 | B34: 445.7564 | C34: 92.290213 | D34: 3.9637498 | E34: 3.9345677 | F34: 419.2915 | G34: 92.38514 | H34: 3.1333758 | I34: 3.4990598
A35: 37073 | B35: 446.12471 | C35: 92.366469 | D35: 3.3318124 | E35: 3.5178804 | F35: 423.22031 | G35: 93.2508 | H35: 3.7938939 | I35: 3.3507157
A36: 37104 | B36: 448.31192 | C36: 92.819314 | D36: 3.1733449 | E36: 3.4878655 | F36: 424.66446 | G36: 93.568999 | H36: 3.5512929 | I36: 3.4933181
A37: 37135 | B37: 448.97588 | C37: 92.956779 | D37: 3.0738974 | E37: 3.1926243 | F37: 425.12795 | G37: 93.671123 | H37: 3.404494 | I37: 3.5826743
A38: 37165 | B38: 451.53684 | C38: 93.487007 | D38: 3.5746136 | E38: 3.2741183 | F38: 427.47003 | G38: 94.187167 | H38: 3.6254337 | I38: 3.5271636
A39: 37196 | B39: 452.8341 | C39: 93.755594 | D39: 3.5882498 | E39: 3.4125091 | F39: 429.46854 | G39: 94.627512 | H39: 3.9531254 | I39: 3.6614516
A40: 37226 | B40: 453.25757 | C40: 93.843269 | D40: 2.3025485 | E40: 3.1509294 | F40: 429.20342 | G40: 94.569096 | H40: 3.3829166 | I40: 3.653398
A41: 37257 | B41: 451.45866 | C41: 93.47082 | D41: 1.916941 | E41: 2.5982248 | F41: 429.13111 | G41: 94.553163 | H41: 2.9512122 | I41: 3.4275925
A42: 37288 | B42: 452.46082 | C42: 93.678308 | D42: 1.4241332 | E42: 1.8801581 | F42: 433.15275 | G42: 95.439276 | H42: 3.7036011 | I42: 3.3461049
... A330: 46054 | B330: 528.93774 | C330: 109.51223 | D330: 0.51979219 | E330: 0.65685972 | F330: 492.39871 | G330: 108.49331 | H330: 0.17675683 | I330: 0.36552148

Sheet Redundancies >>>
A1: Redundancies >>>

Sheet 1a
B1: North East | C1: North West | D1: Yorkshire and The Humber | E1: East Midlands | F1: West Midlands | G1: East of England | H1: London | I1: South East | J1: South West | K1: Wales | L1: Scotland | M1: GB
A2: Current | B2: =AVERAGE(B$94:B$96) | C2: =AVERAGE(C$94:C$96) | D2: =AVERAGE(D$94:D$96) | E2: =AVERAGE(E$94:E$96) | F2: =AVERAGE(F$94:F$96) | G2: =AVERAGE(G$94:G$96) | H2: =AVERAGE(H$94:H$96) | I2: =AVERAGE(I$94:I$96) | ... M2: =AVERAGE(M$94:M$96)
A3: Average since start of 2023 | B3: =AVERAGE(INDEX(B$13:B$1048576,MATCH(44927,$A$13:$A$1048576,0)):INDEX(B$13:B$1048576,COUNTA(B$13:B$1048576))) | C3: =AVERAGE(INDEX(C$13:C$1048576,MATCH(44927,$A$13:$A$1048576,0)):INDEX(C$13:C$1048576,COUNTA(C$13:C$1048576))) | D3: =AVERAGE(INDEX(D$13:D$1048576,MATCH(44927,$A$13:$A$1048576,0)):INDEX(D$13:D$1048576,COUNTA(D$13:D$1048576))) | E3: =AVERAGE(INDEX(E$13:E$1048576,MATCH(44927,$A$13:$A$1048576,0)):INDEX(E$13:E$1048576,COUNTA(E$13:E$1048576))) | F3: =AVERAGE(INDEX(F$13:F$1048576,MATCH(44927,$A$13:$A$1048576,0)):INDEX(F$13:F$1048576,COUNTA(F$13:F$1048576))) | G3: =AVERAGE(INDEX(G$13:G$1048576,MATCH(44927,$A$13:$A$1048576,0)):INDEX(G$13:G$1048576,COUNTA(G$13:G$1048576))) | H3: =AVERAGE(INDEX(H$13:H$1048576,MATCH(44927,$A$13:$A$1048576,0)):INDEX(H$13:H$1048576,COUNTA(H$13:H$1048576))) | I3: =AVERAGE(INDEX(I$13:I$1048576,MATCH(44927,$A$13:$A$1048576,0)):INDEX(I$13:I$1048576,COUNTA(I$13:I$1048576))) | ... M3: =AVERAGE(INDEX(M$13:M$1048576,MATCH(44927,$A$13:$A$1048576,0)):INDEX(M$13:M$1048576,COUNTA(M$13:M$1048576)))
A4: Average pre-covid (April 2019-February 2020) | B4: =AVERAGE(B$13:B$23) | C4: =AVERAGE(C$13:C$23) | D4: =AVERAGE(D$13:D$23) | E4: =AVERAGE(E$13:E$23) | F4: =AVERAGE(F$13:F$23) | G4: =AVERAGE(G$13:G$23) | H4: =AVERAGE(H$13:H$23) | I4: =AVERAGE(I$13:I$23) | ... M4: =AVERAGE(M$13:M$23)
A5: Change on month | B5: =IFERROR(AVERAGE(B$94:B$96)/AVERAGE(B$93:B$95)-1,"") | C5: =IFERROR(AVERAGE(C$94:C$96)/AVERAGE(C$93:C$95)-1,"") | D5: =IFERROR(AVERAGE(D$94:D$96)/AVERAGE(D$93:D$95)-1,"") | E5: =IFERROR(AVERAGE(E$94:E$96)/AVERAGE(E$93:E$95)-1,"") | F5: =IFERROR(AVERAGE(F$94:F$96)/AVERAGE(F$93:F$95)-1,"") | G5: =IFERROR(AVERAGE(G$94:G$96)/AVERAGE(G$93:G$95)-1,"") | H5: =IFERROR(AVERAGE(H$94:H$96)/AVERAGE(H$93:H$95)-1,"") | I5: =IFERROR(AVERAGE(I$94:I$96)/AVERAGE(I$93:I$95)-1,"") | ... M5: =IFERROR(AVERAGE(M$94:M$96)/AVERAGE(M$93:M$95)-1,"")
A6: Change on quarter | B6: =IFERROR(AVERAGE(B$94:B$96)/AVERAGE(B$91:B$93)-1,"") | C6: =IFERROR(AVERAGE(C$94:C$96)/AVERAGE(C$91:C$93)-1,"") | D6: =IFERROR(AVERAGE(D$94:D$96)/AVERAGE(D$91:D$93)-1,"") | E6: =IFERROR(AVERAGE(E$94:E$96)/AVERAGE(E$91:E$93)-1,"") | F6: =IFERROR(AVERAGE(F$94:F$96)/AVERAGE(F$91:F$93)-1,"") | G6: =IFERROR(AVERAGE(G$94:G$96)/AVERAGE(G$91:G$93)-1,"") | H6: =IFERROR(AVERAGE(H$94:H$96)/AVERAGE(H$91:H$93)-1,"") | I6: =IFERROR(AVERAGE(I$94:I$96)/AVERAGE(I$91:I$93)-1,"") | ... M6: =IFERROR(AVERAGE(M$94:M$96)/AVERAGE(M$91:M$93)-1,"")
A7: Change on year | B7: =IFERROR(AVERAGE(B$94:B$96)/AVERAGE(B$82:B$84)-1,"") | C7: =IFERROR(AVERAGE(C$94:C$96)/AVERAGE(C$82:C$84)-1,"") | D7: =IFERROR(AVERAGE(D$94:D$96)/AVERAGE(D$82:D$84)-1,"") | E7: =IFERROR(AVERAGE(E$94:E$96)/AVERAGE(E$82:E$84)-1,"") | F7: =IFERROR(AVERAGE(F$94:F$96)/AVERAGE(F$82:F$84)-1,"") | G7: =IFERROR(AVERAGE(G$94:G$96)/AVERAGE(G$82:G$84)-1,"") | H7: =IFERROR(AVERAGE(H$94:H$96)/AVERAGE(H$82:H$84)-1,"") | I7: =IFERROR(AVERAGE(I$94:I$96)/AVERAGE(I$82:I$84)-1,"") | ... M7: =IFERROR(AVERAGE(M$94:M$96)/AVERAGE(M$82:M$84)-1,"")
A9: Worksheet 1a: Number of potential redundancies from HR1 forms by region, GB [note 6]
A10: This worksheet contains one table.
A11: Some shorthand is used in this table, [c] = confidential
A12: Month | B12: North East | C12: North West | D12: Yorkshire and The Humber | E12: East Midlands | F12: West Midlands | G12: East of England | H12: London | I12: South East | J12: South West | K12: Wales | L12: Scotland | M12: GB
A13: 43556 | B13: 418 | C13: 1479 | D13: [c] | E13: 553 | F13: 843 | G13: 1551 | H13: 3133 | I13: 2079 | J13: 975 | K13: [c] | L13: 1750 | M13: 82454
A14: 43586 | B14: 1025 | C14: 2416 | D14: 6164 | E14: 982 | F14: 1452 | G14: 1769 | H14: 6616 | I14: 3734 | J14: 1764 | K14: 632 | L14: 1342 | M14: 27896
A15: 43617 | B15: 1180 | C15: 1302 | D15: 2506 | E15: 1575 | F15: 2716 | G15: 649 | H15: 4664 | I15: 2690 | J15: 749 | K15: 1189 | L15: 1097 | M15: 20317
A16: 43647 | B16: 846 | C16: 1712 | D16: 1598 | E16: 1337 | F16: 1814 | G16: 1101 | H16: 2654 | I16: 2893 | J16: 1174 | K16: 943 | L16: 1424 | M16: 17496
A17: 43678 | B17: [c] | C17: 1208 | D17: 953 | E17: 437 | F17: 2474 | G17: [c] | H17: 3106 | I17: 1495 | J17: 719 | K17: 1199 | L17: 2374 | M17: 22079
A18: 43709 | B18: 747 | C18: 5554 | D18: 1303 | E18: 797 | F18: 1153 | G18: 6274 | H18: 4060 | I18: 2501 | J18: 867 | K18: 449 | L18: 1263 | M18: 24968
A19: 43739 | B19: 1240 | C19: 2100 | D19: 2600 | E19: 755 | F19: 2494 | G19: 1026 | H19: 4107 | I19: 1738 | J19: 2497 | K19: 809 | L19: 1578 | M19: 20944
A20: 43770 | B20: 680 | C20: 1817 | D20: 733 | E20: 1125 | F20: 2200 | G20: 3872 | H20: 3246 | I20: 1721 | J20: 1088 | K20: 218 | L20: 1546 | M20: 18246
A21: 43800 | B21: 919 | C21: 558 | D21: 931 | E21: 665 | F21: 764 | G21: 1069 | H21: 2241 | I21: 1385 | J21: 6382 | K21: 307 | L21: 1398 | M21: 16619
A22: 43831 | B22: 1569 | C22: 2429 | D22: 4659 | E22: 1541 | F22: 1641 | G22: 1823 | H22: 4439 | I22: 3291 | J22: 2482 | K22: 1453 | L22: 1732 | M22: 27059
A23: 43862 | B23: 557 | C23: 2202 | D23: 4949 | E23: 1397 | F23: 1570 | G23: 2850 | H23: 3231 | I23: 3034 | J23: 1098 | K23: 572 | L23: 3680 | M23: 25140
A24: 43891 | B24: 1246 | C24: 3987 | D24: 2609 | E24: 2131 | F24: 3945 | G24: 3529 | H24: 11919 | I24: 2746 | J24: 2634 | K24: 1034 | L24: 3507 | M24: 39287
A25: 43922 | B25: 782 | C25: 2651 | D25: 1055 | E25: 1620 | F25: 1798 | G25: 1232 | H25: 34983 | I25: 5686 | J25: 1093 | K25: 1343 | L25: 3632 | M25: 55875
A26: 43952 | B26: 1302 | C26: 4451 | D26: 3188 | E26: 5347 | F26: 6575 | G26: 4288 | H26: 15634 | I26: 13852 | J26: 6772 | K26: 3499 | L26: 4382 | M26: 69290
A27: 43983 | B27: 3419 | C27: 21219 | D27: 8456 | E27: 6484 | F27: 9433 | G27: 6575 | H27: 50855 | I27: 14248 | J27: 11562 | K27: 3053 | L27: 9634 | M27: 144938
A28: 44013 | B28: 2351 | C28: 14472 | D28: 6009 | E28: 4903 | F28: 7608 | G28: 6838 | H28: 36279 | I28: 10619 | J28: 7109 | K28: 4734 | L28: 7953 | M28: 108875
A29: 44044 | B29: 2195 | C29: 4225 | D29: 2949 | E29: 2258 | F29: 3810 | G29: 3915 | H29: 15370 | I29: 7622 | J29: 3429 | K29: 1338 | L29: 2945 | M29: 50056
... A44: 44501 | B44: 492 | C44: 687 | D44: 1341 | E44: 428 | F44: 1113 | G44: 864 | H44: 3986 | I44: 1319 | J44: 805 | K44: 365 | L44: 724 | M44: 12124
A45: 44531 | B45: 294 | C45: 655 | D45: 650 | E45: 374 | F45: 630 | G45: [c] | H45: 946 | I45: 166 | J45: [c] | K45: 495 | L45: 1867 | M45: 6209
A46: 44562 | B46: 325 | C46: 929 | D46: 434 | E46: 279 | F46: 610 | G46: 173 | H46: 2610 | I46: 996 | J46: 570 | K46: 381 | L46: 1562 | M46: 8869
A47: 44593 | B47: 514 | C47: 1060 | D47: 456 | E47: 1289 | F47: 1323 | G47: 1292 | H47: 6005 | I47: 2094 | J47: 1745 | K47: 746 | L47: 1579 | M47: 18103
A48: 44621 | B48: 852 | C48: 1326 | D48: 1777 | E48: 1128 | F48: 960 | G48: 1444 | H48: 4062 | I48: 3707 | J48: 1101 | K48: 1377 | L48: 5676 | M48: 23410
A49: 44652 | B49: 592 | C49: 1579 | D49: 1805 | E49: 627 | F49: 1861 | G49: 674 | H49: 3680 | I49: 1186 | J49: 629 | K49: 420 | L49: 1598 | M49: 14651
A50: 44682 | B50: 341 | C50: 2276 | D50: 449 | E50: 1214 | F50: 1324 | G50: 380 | H50: 4562 | I50: 2639 | J50: 793 | K50: 277 | L50: 763 | M50: 15018
A51: 44713 | B51: 557 | C51: 935 | D51: 745 | E51: 1171 | F51: 424 | G51: 689 | H51: 1579 | I51: 1226 | J51: 276 | K51: 480 | L51: 1918 | M51: 10000
A52: 44743 | B52: 367 | C52: 1733 | D52: 1182 | E52: 507 | F52: 898 | G52: 718 | H52: 2195 | I52: 2090 | J52: 1050 | K52: 370 | L52: 523 | M52: 11633
A53: 44774 | B53: 828 | C53: 1903 | D53: 1312 | E53: 622 | F53: 1236 | G53: 442 | H53: 3441 | I53: 1912 | J53: 749 | K53: 671 | L53: 1590 | M53: 14706
A54: 44805 | B54: 445 | C54: 1456 | D54: 1359 | E54: 2103 | F54: 789 | G54: 1269 | H54: 2209 | I54: 1004 | J54: 853 | K54: 681 | L54: 1526 | M54: 13694
A55: 44835 | B55: [c] | C55: 1496 | D55: 1032 | E55: 713 | F55: 1479 | G55: 1280 | H55: 3141 | I55: 2197 | J55: 765 | K55: [c] | L55: 690 | M55: 13570
A56: 44866 | B56: 420 | C56: 1669 | D56: 1067 | E56: 1613 | F56: 1689 | G56: 1386 | H56: 5956 | I56: 2019 | J56: 2105 | K56: 1387 | L56: 952 | M56: 20263
A57: 44896 | B57: 91 | C57: 416 | D57: 1531 | E57: 974 | F57: 367 | G57: 788 | H57: 2498 | I57: 2478 | J57: 591 | K57: 338 | L57: 2160 | M57: 12232
A58: 44927 | B58: 1257 | C58: 1428 | D58: 5402 | E58: 2601 | F58: 2242 | G58: 1488 | H58: 3964 | I58: 1647 | J58: 1316 | K58: 1589 | L58: 1548 | M58: 24482
A59: 44958 | B59: 1365 | C59: 1675 | D59: 2086 | E59: 1160 | F59: 2315 | G59: 4439 | H59: 12706 | I59: 3512 | J59: 1184 | K59: 686 | L59: 1764 | M59: 32892
A60: 44986 | B60: 587 | C60: 2120 | D60: 1861 | E60: 2198 | F60: 1688 | G60: 834 | H60: 5068 | I60: 2173 | J60: 1344 | K60: 900 | L60: 3795 | M60: 22568
A61: 45017 | B61: 420 | C61: 1417 | D61: 1533 | E61: 1361 | F61: 1806 | G61: 2507 | H61: 4677 | I61: 1341 | J61: 1564 | K61: 582 | L61: 1448 | M61: 18656
A62: 45047 | B62: 517 | C62: 1711 | D62: 925 | E62: 1203 | F62: 1759 | G62: 1585 | H62: 5023 | I62: 2426 | J62: 772 | K62: 866 | L62: 667 | M62: 17454
A63: 45078 | B63: 477 | C63: 1353 | D63: 4682 | E63: 3207 | F63: 1274 | G63: 1478 | H63: 4110 | I63: 2360 | J63: 1384 | K63: 977 | L63: 1223 | M63: 22525
A64: 45108 | B64: 626 | C64: 1581 | D64: 2279 | E64: 2585 | F64: 2291 | G64: 4041 | H64: 4080 | I64: 1693 | J64: 1031 | K64: 604 | L64: 3164 | M64: 23975
A65: 45139 | B65: 501 | C65: 1441 | D65: 2497 | E65: [c] | F65: 1124 | G65: 786 | H65: 4105 | I65: 1531 | J65: 1556 | K65: [c] | L65: 842 | M65: 27942
A66: 45170 | B66: 350 | C66: 2246 | D66: 1439 | E66: 1134 | F66: 1976 | G66: 1459 | H66: 3802 | I66: 1881 | J66: 1153 | K66: 1019 | L66: 691 | M66: 17150
A67: 45200 | B67: 528 | C67: 1528 | D67: 2792 | E67: 1476 | F67: 2002 | G67: 2030 | H67: 5716 | I67: 2752 | J67: 1200 | K67: 412 | L67: 1170 | M67: 21606
A68: 45231 | B68: 1168 | C68: 1281 | D68: 1860 | E68: 2897 | F68: 1577 | G68: 1600 | H68: 10063 | I68: 4422 | J68: 973 | K68: 1896 | L68: 4957 | M68: 32694
A69: 45261 | B69: 1095 | C69: 1009 | D69: 2334 | E69: 1511 | F69: 739 | G69: 527 | H69: 3288 | I69: 1229 | J69: 1223 | K69: 669 | L69: 2609 | M69: 16233
A70: 45292 | B70: 880 | C70: 1858 | D70: 1828 | E70: 1026 | F70: 3644 | G70: 2147 | H70: 4748 | I70: 3113 | J70: 2242 | K70: 697 | L70: 1408 | M70: 23591
A71: 45323 | B71: 509 | C71: 1230 | D71: 1584 | E71: 2437 | F71: 1367 | G71: 1330 | H71: 8007 | I71: 3142 | J71: 2830 | K71: 3333 | L71: 1976 | M71: 27745
A72: 45352 | B72: 818 | C72: 2123 | D72: 2682 | E72: 2695 | F72: 1752 | G72: 982 | H72: 6771 | I72: 1880 | J72: 1768 | K72: 563 | L72: 1811 | M72: 23845
A73: 45383 | B73: 349 | C73: 1644 | D73: 964 | E73: 1540 | F73: 1742 | G73: 1065 | H73: 4753 | I73: 2552 | J73: 915 | K73: 933 | L73: 1515 | M73: 17972
A74: 45413 | B74: 789 | C74: 2896 | D74: 1908 | E74: 1727 | F74: 1324 | G74: 2221 | H74: 6507 | I74: 2719 | J74: 1388 | K74: 630 | L74: 1647 | M74: 23756
A75: 45444 | B75: 185 | C75: 2101 | D75: 1178 | E75: 1090 | F75: 1127 | G75: 1411 | H75: 4355 | I75: 2092 | J75: 517 | K75: 389 | L75: 1254 | M75: 15699
A76: 45474 | B76: 619 | C76: 2013 | D76: 1314 | E76: 1613 | F76: 2448 | G76: 1785 | H76: 4518 | I76: 1672 | J76: 2138 | K76: 579 | L76: 1501 | M76: 20200
A77: 45505 | B77: 384 | C77: 1225 | D77: 1098 | E77: 830 | F77: 1408 | G77: 1129 | H77: 2449 | I77: 2743 | J77: 971 | K77: 349 | L77: 1114 | M77: 13700
A78: Sep-24 | B78: 593 | C78: 3071 | D78: 990 | E78: 707 | F78: 1560 | G78: 831 | H78: 6677 | I78: 2644 | J78: 658 | K78: 813 | L78: 1687 | M78: 20231
A79: 45566 | B79: 610 | C79: 1113 | D79: 1126 | E79: 1396 | F79: 1855 | G79: 1579 | H79: 4314 | I79: 3298 | J79: 887 | K79: 775 | L79: 1731 | M79: 18684
A80: 45597 | B80: 546 | C80: 1002 | D80: 1775 | E80: 1179 | F80: 1949 | G80: 2544 | H80: 2731 | I80: 7136 | J80: 1895 | K80: 878 | L80: 1133 | M80: 22768
A81: 45627 | B81: 431 | C81: 1541 | D81: 2613 | E81: 581 | F81: 1648 | G81: 846 | H81: 5173 | I81: 1603 | J81: 1491 | K81: 1287 | L81: 2085 | M81: 19299
A82: 45658 | B82: 1016 | C82: 1792 | D82: 1303 | E82: 2440 | F82: 1742 | G82: 3216 | H82: 4596 | I82: 3151 | J82: 1240 | K82: 757 | L82: 1111 | M82: 22364
A83: 45689 | B83: 556 | C83: 1998 | D83: 1611 | E83: 1404 | F83: 1701 | G83: 1827 | H83: 6892 | I83: 2693 | J83: 1645 | K83: 3092 | L83: 3319 | M83: 26738
A84: 45717 | B84: 673 | C84: 2507 | D84: 4423 | E84: 1626 | F84: 3402 | G84: 2003 | H84: 4971 | I84: 3194 | J84: 1722 | K84: 1463 | L84: 3059 | M84: 29043
A85: 45748 | B85: 806 | C85: 3577 | D85: 1250 | E85: 2884 | F85: 1541 | G85: 1133 | H85: 5539 | I85: 2470 | J85: 1857 | K85: 505 | L85: 1205 | M85: 22767
A86: 45778 | B86: 415 | C86: 1610 | D86: 1646 | E86: 1336 | F86: 2003 | G86: 1617 | H86: 5143 | I86: 2482 | J86: 2153 | K86: 677 | L86: 3613 | M86: 22695
A87: 45809 | B87: 798 | C87: 2400 | D87: 2621 | E87: 2400 | F87: 2754 | G87: 2141 | H87: 4322 | I87: 3573 | J87: 2403 | K87: 494 | L87: 2545 | M87: 26451
A88: 45839 | B88: 771 | C88: 2783 | D88: 1861 | E88: 980 | F88: 2449 | G88: 1505 | H88: 4659 | I88: 3515 | J88: 2511 | K88: 574 | L88: 1553 | M88: 23161
A89: 45870 | B89: 282 | C89: 970 | D89: 2131 | E89: 1236 | F89: 2902 | G89: 997 | H89: 3921 | I89: 1603 | J89: 971 | K89: 263 | L89: 4153 | M89: 19429
A90: 45901 | B90: 753 | C90: 3801 | D90: 1389 | E90: 1134 | F90: 1827 | G90: 1786 | H90: 8033 | I90: 1725 | J90: 739 | K90: 1300 | L90: 1363 | M90: 23850
... A96: 46082 | B96: 678 | C96: 3015 | D96: 2308 | E96: 1539 | F96: 3264 | G96: 965 | H96: 6000 | I96: 2846 | J96: 1657 | K96: 1505 | L96: 2114 | M96: 25891

Sheet 1b
B4: North East | C4: North West | D4: Yorkshire and The Humber | E4: East Midlands | F4: West Midlands | G4: East of England | H4: London | I4: South East | J4: South West | K4: Wales | L4: Scotland | M4: GB
A5: 43556 | B5: 8 | C5: 29 | D5: [c] | E5: 12 | F5: 14 | G5: 29 | H5: 52 | I5: 38 | J5: 24 | K5: [c] | L5: 22 | M5: 256
A6: 43586 | B6: 10 | C6: 34 | D6: 30 | E6: 12 | F6: 27 | G6: 29 | H6: 65 | I6: 47 | J6: 30 | K6: 10 | L6: 21 | M6: 315
A7: 43617 | B7: 15 | C7: 29 | D7: 40 | E7: 20 | F7: 30 | G7: 17 | H7: 57 | I7: 33 | J7: 18 | K7: 13 | L7: 13 | M7: 285
A8: 43647 | B8: 10 | C8: 28 | D8: 21 | E8: 16 | F8: 25 | G8: 19 | H8: 48 | I8: 30 | J8: 16 | K8: 13 | L8: 16 | M8: 242
A9: 43678 | B9: [c] | C9: 21 | D9: 15 | E9: 9 | F9: 24 | G9: [c] | H9: 40 | I9: 17 | J9: 14 | K9: 13 | L9: 16 | M9: 186
A10: 43709 | B10: 17 | C10: 35 | D10: 23 | E10: 13 | F10: 21 | G10: 17 | H10: 46 | I10: 36 | J10: 14 | K10: 6 | L10: 16 | M10: 244
A11: 43739 | B11: 21 | C11: 31 | D11: 28 | E11: 18 | F11: 22 | G11: 20 | H11: 55 | I11: 33 | J11: 31 | K11: 9 | L11: 19 | M11: 287
A12: 43770 | B12: 13 | C12: 29 | D12: 17 | E12: 16 | F12: 30 | G12: 17 | H12: 61 | I12: 29 | J12: 13 | K12: 7 | L12: 22 | M12: 254
A13: 43800 | B13: 11 | C13: 14 | D13: 12 | E13: 10 | F13: 11 | G13: 13 | H13: 43 | I13: 20 | J13: 14 | K13: 4 | L13: 12 | M13: 164
A14: 43831 | B14: 20 | C14: 35 | D14: 31 | E14: 17 | F14: 30 | G14: 28 | H14: 42 | I14: 44 | J14: 25 | K14: 15 | L14: 23 | M14: 310
A15: 43862 | B15: 12 | C15: 42 | D15: 33 | E15: 21 | F15: 18 | G15: 13 | H15: 51 | I15: 43 | J15: 21 | K15: 14 | L15: 20 | M15: 288
A16: 43891 | B16: 20 | C16: 39 | D16: 22 | E16: 22 | F16: 35 | G16: 25 | H16: 92 | I16: 37 | J16: 32 | K16: 19 | L16: 39 | M16: 382
A17: 43922 | B17: 13 | C17: 30 | D17: 17 | E17: 16 | F17: 22 | G17: 15 | H17: 93 | I17: 44 | J17: 17 | K17: 12 | L17: 37 | M17: 316
A18: 43952 | B18: 22 | C18: 66 | D18: 45 | E18: 41 | F18: 76 | G18: 56 | H18: 136 | I18: 104 | J18: 59 | K18: 30 | L18: 65 | M18: 700
A19: 43983 | B19: 62 | C19: 145 | D19: 108 | E19: 105 | F19: 117 | G19: 100 | H19: 353 | I19: 181 | J19: 118 | K19: 47 | L19: 138 | M19: 1474
A20: 44013 | B20: 44 | C20: 135 | D20: 92 | E20: 69 | F20: 110 | G20: 84 | H20: 302 | I20: 158 | J20: 107 | K20: 49 | L20: 100 | M20: 1250
A21: 44044 | B21: 26 | C21: 81 | D21: 54 | E21: 41 | F21: 67 | G21: 61 | H21: 180 | I21: 94 | J21: 54 | K21: 22 | L21: 50 | M21: 730
... A36: 44501 | B36: 6 | C36: 14 | D36: 9 | E36: 8 | F36: 13 | G36: 10 | H36: 28 | I36: 20 | J36: 14 | K36: 7 | L36: 7 | M36: 136
A37: 44531 | B37: 5 | C37: 11 | D37: 9 | E37: 7 | F37: 10 | G37: [c] | H37: 14 | I37: 5 | J37: [c] | K37: 6 | L37: 9 | M37: 80
A38: 44562 | B38: 5 | C38: 18 | D38: 12 | E38: 6 | F38: 13 | G38: 3 | H38: 28 | I38: 25 | J38: 10 | K38: 6 | L38: 14 | M38: 140
A39: 44593 | B39: 11 | C39: 17 | D39: 10 | E39: 16 | F39: 17 | G39: 17 | H39: 41 | I39: 32 | J39: 16 | K39: 11 | L39: 13 | M39: 201
A40: 44621 | B40: 5 | C40: 17 | D40: 24 | E40: 14 | F40: 16 | G40: 18 | H40: 44 | I40: 35 | J40: 17 | K40: 9 | L40: 24 | M40: 223
A41: 44652 | B41: 8 | C41: 16 | D41: 16 | E41: 13 | F41: 17 | G41: 10 | H41: 37 | I41: 24 | J41: 10 | K41: 10 | L41: 10 | M41: 171
A42: 44682 | B42: 8 | C42: 36 | D42: 10 | E42: 16 | F42: 17 | G42: 7 | H42: 44 | I42: 31 | J42: 12 | K42: 5 | L42: 19 | M42: 205
A43: 44713 | B43: 7 | C43: 14 | D43: 13 | E43: 20 | F43: 8 | G43: 15 | H43: 31 | I43: 24 | J43: 7 | K43: 8 | L43: 20 | M43: 167
A44: 44743 | B44: 5 | C44: 22 | D44: 19 | E44: 10 | F44: 15 | G44: 10 | H44: 33 | I44: 31 | J44: 15 | K44: 7 | L44: 11 | M44: 178
A45: 44774 | B45: 8 | C45: 28 | D45: 21 | E45: 14 | F45: 14 | G45: 11 | H45: 40 | I45: 27 | J45: 15 | K45: 10 | L45: 17 | M45: 205
A46: 44805 | B46: 9 | C46: 23 | D46: 18 | E46: 20 | F46: 14 | G46: 14 | H46: 45 | I46: 25 | J46: 19 | K46: 7 | L46: 13 | M46: 207
A47: 44835 | B47: [c] | C47: 28 | D47: 17 | E47: 17 | F47: 26 | G47: 19 | H47: 52 | I47: 33 | J47: 13 | K47: [c] | L47: 11 | M47: 229
A48: 44866 | B48: 8 | C48: 18 | D48: 20 | E48: 19 | F48: 23 | G48: 22 | H48: 64 | I48: 26 | J48: 20 | K48: 15 | L48: 15 | M48: 250
A49: 44896 | B49: 3 | C49: 12 | D49: 17 | E49: 11 | F49: 11 | G49: 15 | H49: 50 | I49: 20 | J49: 12 | K49: 5 | L49: 17 | M49: 173
A50: 44927 | B50: 14 | C50: 31 | D50: 25 | E50: 25 | F50: 24 | G50: 30 | H50: 66 | I50: 35 | J50: 24 | K50: 13 | L50: 15 | M50: 302
A51: 44958 | B51: 15 | C51: 26 | D51: 22 | E51: 20 | F51: 35 | G51: 28 | H51: 82 | I51: 38 | J51: 19 | K51: 10 | L51: 15 | M51: 310
A52: 44986 | B52: 16 | C52: 34 | D52: 35 | E52: 31 | F52: 24 | G52: 16 | H52: 90 | I52: 28 | J52: 28 | K52: 10 | L52: 28 | M52: 340
A53: 45017 | B53: 7 | C53: 21 | D53: 19 | E53: 23 | F53: 27 | G53: 19 | H53: 79 | I53: 27 | J53: 24 | K53: 9 | L53: 23 | M53: 278
A54: 45047 | B54: 9 | C54: 26 | D54: 16 | E54: 26 | F54: 26 | G54: 24 | H54: 69 | I54: 44 | J54: 11 | K54: 7 | L54: 11 | M54: 269
A55: 45078 | B55: 10 | C55: 21 | D55: 23 | E55: 36 | F55: 20 | G55: 18 | H55: 69 | I55: 37 | J55: 23 | K55: 11 | L55: 21 | M55: 289
A56: 45108 | B56: 8 | C56: 28 | D56: 23 | E56: 19 | F56: 21 | G56: 23 | H56: 63 | I56: 29 | J56: 17 | K56: 11 | L56: 18 | M56: 260
A57: 45139 | B57: 10 | C57: 27 | D57: 23 | E57: 16 | F57: 21 | G57: 14 | H57: 61 | I57: 27 | J57: 24 | K57: 5 | L57: 15 | M57: 243
A58: 45170 | B58: 10 | C58: 33 | D58: 24 | E58: 17 | F58: 27 | G58: 29 | H58: 67 | I58: 34 | J58: 19 | K58: 9 | L58: 19 | M58: 288
A59: 45200 | B59: 8 | C59: 27 | D59: 34 | E59: 8 | F59: 29 | G59: 38 | H59: 83 | I59: 35 | J59: 16 | K59: 8 | L59: 18 | M59: 304
... A69: 45505 | B69: 10 | C69: 28 | D69: 19 | E69: 17 | F69: 26 | G69: 17 | H69: 43 | I69: 34 | J69: 22 | K69: 8 | L69: 16 | M69: 240
B70: 10 | C70: 31 | D70: 18 | E70: 15 | F70: 21 | G70: 19 | H70: 68 | I70: 37 | J70: 13 | K70: 14 | L70: 27 | M70: 273
A71: 45566 | B71: 12 | C71: 28 | D71: 23 | E71: 21 | F71: 27 | G71: 28 | H71: 72 | I71: 43 | J71: 18 | K71: 20 | L71: 22 | M71: 314
A72: 45597 | B72: 9 | C72: 21 | D72: 21 | E72: 19 | F72: 22 | G72: 23 | H72: 53 | I72: 41 | J72: 23 | K72: 14 | L72: 15 | M72: 261
A73: 45627 | B73: 7 | C73: 10 | D73: 16 | E73: 6 | F73: 30 | G73: 20 | H73: 51 | I73: 28 | J73: 16 | K73: 13 | L73: 18 | M73: 215
A74: 45658 | B74: 16 | C74: 38 | D74: 26 | E74: 30 | F74: 29 | G74: 38 | H74: 71 | I74: 38 | J74: 26 | K74: 14 | L74: 22 | M74: 348
A75: 45689 | B75: 5 | C75: 32 | D75: 30 | E75: 21 | F75: 27 | G75: 34 | H75: 96 | I75: 43 | J75: 35 | K75: 16 | L75: 26 | M75: 365
A76: 45717 | B76: 8 | C76: 28 | D76: 32 | E76: 31 | F76: 51 | G76: 31 | H76: 85 | I76: 49 | J76: 36 | K76: 17 | L76: 27 | M76: 395
A77: 45748 | B77: 11 | C77: 33 | D77: 15 | E77: 34 | F77: 23 | G77: 23 | H77: 80 | I77: 42 | J77: 28 | K77: 10 | L77: 21 | M77: 320
A78: 45778 | B78: 8 | C78: 34 | D78: 21 | E78: 23 | F78: 27 | G78: 33 | H78: 77 | I78: 39 | J78: 29 | K78: 10 | L78: 31 | M78: 332
A79: 45809 | B79: 13 | C79: 35 | D79: 27 | E79: 27 | F79: 26 | G79: 27 | H79: 83 | I79: 39 | J79: 27 | K79: 9 | L79: 24 | M79: 337
A80: 45839 | B80: 13 | C80: 43 | D80: 28 | E80: 16 | F80: 30 | G80: 30 | H80: 80 | I80: 43 | J80: 25 | K80: 12 | L80: 24 | M80: 344
A81: 45870 | B81: 4 | C81: 22 | D81: 18 | E81: 18 | F81: 31 | G81: 18 | H81: 56 | I81: 30 | J81: 21 | K81: 3 | L81: 21 | M81: 242
A82: 45901 | B82: 7 | C82: 41 | D82: 23 | E82: 24 | F82: 27 | G82: 24 | H82: 76 | I82: 36 | J82: 20 | K82: 15 | L82: 19 | M82: 312
... A88: 46082 | B88: 14 | C88: 51 | D88: 37 | E88: 28 | F88: 39 | G88: 24 | H88: 107 | I88: 48 | J88: 32 | K88: 19 | L88: 35 | M88: 434

Sheet 2a
B4: Manufacturing | C4: Energy and Water | D4: Construction | E4: Transport and Communication | F4: Distribution, Hotels and Restaurants | G4: Banking and Finance | H4: Public Admin, Education and Health | I4: Other Services | J4: GB
A5: 43556 | B5: 2067 | C5: [c] | D5: 659 | E5: 1666 | F5: [c] | G5: 3517 | H5: 3100 | I5: 401 | J5: 82454
A6: 43586 | B6: 8362 | C6: 1177 | D6: 1107 | E6: 3570 | F6: 3998 | G6: 5877 | H6: 3286 | I6: 519 | J6: 27896
A7: 43617 | B7: 4594 | C7: 440 | D7: 903 | E7: 1642 | F7: 2322 | G7: 6505 | H7: 3629 | I7: 282 | J7: 20317
A8: 43647 | B8: 4441 | C8: 1011 | D8: 1330 | E8: 1827 | F8: 2045 | G8: 3807 | H8: 2374 | I8: 661 | J8: 17496
A9: 43678 | B9: 3151 | C9: 610 | D9: 591 | E9: 1282 | F9: 9468 | G9: 4015 | H9: 2400 | I9: 562 | J9: 22079
A10: 43709 | B10: 2894 | C10: 778 | D10: 1422 | E10: 4493 | F10: 2373 | G10: 7686 | H10: 4904 | I10: 418 | J10: 24968
A11: 43739 | B11: 4376 | C11: 995 | D11: 1433 | E11: 2260 | F11: 3949 | G11: 4254 | H11: 1882 | I11: 1795 | J11: 20944
A12: 43770 | B12: 3000 | C12: 150 | D12: 407 | E12: 2515 | F12: 4308 | G12: 5579 | H12: 1771 | I12: 516 | J12: 18246
A13: 43800 | B13: 2195 | C13: [c] | D13: 843 | E13: 915 | F13: 1762 | G13: 3721 | H13: 2079 | I13: [c] | J13: 16619
A14: 43831 | B14: 5611 | C14: 166 | D14: 1057 | E14: 1990 | F14: 7967 | G14: 4106 | H14: 4572 | I14: 1590 | J14: 27059
A15: 43862 | B15: 4256 | C15: [c] | D15: 1384 | E15: 2586 | F15: 8021 | G15: 5964 | H15: 2455 | I15: [c] | J15: 25140
A16: 43891 | B16: 4649 | C16: 369 | D16: 1711 | E16: 7707 | F16: 12436 | G16: 8504 | H16: 2661 | I16: 1250 | J16: 39287
A17: 43922 | B17: 3350 | C17: 2200 | D17: 2802 | E17: 16872 | F17: 20143 | G17: 7473 | H17: 1956 | I17: 1079 | J17: 55875
A18: 43952 | B18: 19792 | C18: 1739 | D18: 2290 | E18: 14801 | F18: 14523 | G18: 9962 | H18: 2702 | I18: 3481 | J18: 69290
A19: 43983 | B19: 23082 | C19: 4628 | D19: 4237 | E19: 33324 | F19: 40307 | G19: 26034 | H19: 5203 | I19: 8123 | J19: 144938
A20: 44013 | B20: 15452 | C20: 928 | D20: 2547 | E20: 11622 | F20: 38576 | G20: 22569 | H20: 5584 | I20: 11597 | J20: 108875
A21: 44044 | B21: 6569 | C21: 419 | D21: 1616 | E21: 5223 | F21: 13169 | G21: 12419 | H21: 3325 | I21: 7316 | J21: 50056
A22: 44075 | B22: 6560 | C22: 302 | D22: 762 | E22: 7626 | F22: 33858 | G22: 11565 | H22: 4370 | I22: 3147 | J22: 68190
A23: 44105 | B23: 5188 | C23: 857 | D23: 1407 | E23: 10573 | F23: 10636 | G23: 11319 | H23: 2907 | I23: 3215 | J23: 46102
A24: 44136 | B24: 6155 | C24: 371 | D24: 867 | E24: 3410 | F24: 12011 | G24: 5805 | H24: 3558 | I24: 751 | J24: 32928
A25: 44166 | B25: 1298 | C25: 295 | D25: 724 | E25: 2392 | F25: 10913 | G25: 2924 | H25: 1361 | I25: 380 | J25: 20287
A26: 44197 | B26: 2001 | C26: 4160 | D26: 375 | E26: 1866 | F26: 2741 | G26: 12593 | H26: 2647 | I26: 480 | J26: 26863
A27: 44228 | B27: 5459 | C27: 1196 | D27: 469 | E27: 3654 | F27: 5244 | G27: 4203 | H27: 1942 | I27: 517 | J27: 22684
... A30: 44317 | B30: 4265 | C30: 1749 | D30: 520 | E30: 739 | F30: 1712 | G30: 5072 | H30: 2882 | I30: 461 | J30: 17400
A31: 44348 | B31: 4083 | C31: [c] | D31: 462 | E31: 1122 | F31: 933 | G31: 1214 | H31: 4689 | I31: [c] | J31: 12922
A32: 44378 | B32: 1881 | C32: 189 | D32: 272 | E32: 3837 | F32: 1177 | G32: 2677 | H32: 2328 | I32: 101 | J32: 12462
A33: 44409 | B33: 1820 | C33: 489 | D33: 224 | E33: 800 | F33: 2365 | G33: 1788 | H33: 2641 | I33: 319 | J33: 10446
A34: 44440 | B34: 1458 | C34: 579 | D34: 392 | E34: 534 | F34: 2540 | G34: 2006 | H34: 3232 | I34: 260 | J34: 11001
A35: 44470 | B35: 2234 | C35: 583 | D35: 566 | E35: 2231 | F35: 1766 | G35: 2908 | H35: 1622 | I35: 261 | J35: 12171
A36: 44501 | B36: 899 | C36: [c] | D36: 386 | E36: 452 | F36: 1089 | G36: 5928 | H36: 2852 | I36: [c] | J36: 12124
A37: 44531 | B37: 772 | C37: [c] | D37: 417 | E37: 355 | F37: 318 | G37: 1678 | H37: 2518 | I37: [c] | J37: 6209
A38: 44562 | B38: 1149 | C38: [c] | D38: [c] | E38: 1923 | F38: 1632 | G38: 1346 | H38: 1885 | I38: 508 | J38: 8869
A39: 44593 | B39: 1696 | C39: [c] | D39: 853 | E39: 3279 | F39: 2177 | G39: 5466 | H39: 4168 | I39: [c] | J39: 18103
A40: 44621 | B40: 2922 | C40: 1669 | D40: 608 | E40: 1026 | F40: 2904 | G40: 8998 | H40: 4604 | I40: 679 | J40: 23410
A41: 44652 | B41: 2161 | C41: 114 | D41: 732 | E41: 955 | F41: 5417 | G41: 2934 | H41: 1866 | I41: 472 | J41: 14651
A42: 44682 | B42: 1904 | C42: 83 | D42: 1268 | E42: 1870 | F42: 3525 | G42: 2268 | H42: 3398 | I42: 702 | J42: 15018
A43: 44713 | B43: 1661 | C43: [c] | D43: 239 | E43: 1222 | F43: 1839 | G43: 1863 | H43: 2613 | I43: [c] | J43: 10000
A44: 44743 | B44: 2343 | C44: [c] | D44: 735 | E44: 2248 | F44: 1789 | G44: 2206 | H44: 1708 | I44: [c] | J44: 11633
A45: 44774 | B45: 2938 | C45: [c] | D45: 2362 | E45: 1504 | F45: 2007 | G45: 2941 | H45: 2329 | I45: [c] | J45: 14706
A46: 44805 | B46: 3666 | C46: [c] | D46: [c] | E46: 1880 | F46: 2327 | G46: 2667 | H46: 2193 | I46: 424 | J46: 13694
A47: 44835 | B47: 3094 | C47: 157 | D47: 434 | E47: 1998 | F47: 1624 | G47: 3641 | H47: 1868 | I47: 754 | J47: 13570
A48: 44866 | B48: 4376 | C48: 268 | D48: 599 | E48: 5571 | F48: 1573 | G48: 3280 | H48: 4089 | I48: 507 | J48: 20263
A49: 44896 | B49: 937 | C49: [c] | D49: 238 | E49: 1435 | F49: 2782 | G49: 3017 | H49: 3619 | I49: [c] | J49: 12232
A50: 44927 | B50: 5432 | C50: [c] | D50: 608 | E50: 2768 | F50: 8446 | G50: 5240 | H50: 1635 | I50: [c] | J50: 24482
A51: 44958 | B51: 4389 | C51: [c] | D51: 1973 | E51: 6309 | F51: 5720 | G51: 5152 | H51: 8678 | I51: [c] | J51: 32892
A52: 44986 | B52: 4300 | C52: 302 | D52: 690 | E52: 3729 | F52: 3361 | G52: 5199 | H52: 4255 | I52: 732 | J52: 22568
A53: 45017 | B53: 4060 | C53: 394 | D53: 732 | E53: 2089 | F53: 2419 | G53: 6712 | H53: 1860 | I53: 390 | J53: 18656
A54: 45047 | B54: 3813 | C54: 125 | D54: 544 | E54: 2435 | F54: 2417 | G54: 4258 | H54: 3635 | I54: 227 | J54: 17454
A55: 45078 | B55: 4431 | C55: 189 | D55: 735 | E55: 6988 | F55: 1660 | G55: 4730 | H55: 3009 | I55: 783 | J55: 22525
A56: 45108 | B56: 3399 | C56: [c] | D56: 1365 | E56: 3734 | F56: 3617 | G56: 6902 | H56: 4066 | I56: [c] | J56: 23975
A57: 45139 | B57: 2519 | C57: [c] | D57: 639 | E57: 3154 | F57: 13652 | G57: 4075 | H57: 3220 | I57: [c] | J57: 27942
A58: 45170 | B58: 2854 | C58: [c] | D58: 393 | E58: 2501 | F58: 2208 | G58: 6668 | H58: 2080 | I58: [c] | J58: 17150
A59: 45200 | B59: 4555 | C59: 269 | D59: 1278 | E59: 3768 | F59: 1862 | G59: 5721 | H59: 3350 | I59: 803 | J59: 21606
A60: 45231 | B60: 5203 | C60: [c] | D60: 801 | E60: 3632 | F60: 3802 | G60: 15502 | H60: 3046 | I60: [c] | J60: 32694
A61: 45261 | B61: 2404 | C61: [c] | D61: 797 | E61: 2118 | F61: 2108 | G61: 3583 | H61: 4553 | I61: [c] | J61: 16233
A62: 45292 | B62: 4088 | C62: [c] | D62: 1348 | E62: 3629 | F62: 4243 | G62: 5246 | H62: 3577 | I62: [c] | J62: 23591
A63: 45323 | B63: 5261 | C63: 338 | D63: 788 | E63: 5477 | F63: 3376 | G63: 7365 | H63: 4962 | I63: 178 | J63: 27745
A64: 45352 | B64: 3338 | C64: [c] | D64: 614 | E64: 4435 | F64: 7044 | G64: 5134 | H64: 2812 | I64: [c] | J64: 23845
A65: 45383 | B65: 2489 | C65: 257 | D65: 562 | E65: 3215 | F65: 3100 | G65: 4590 | H65: 3014 | I65: 745 | J65: 17972
A66: 45413 | B66: 3103 | C66: 247 | D66: 1351 | E66: 2692 | F66: 5750 | G66: 4976 | H66: 5187 | I66: 450 | J66: 23756
A67: 45444 | B67: 2631 | C67: 234 | D67: 987 | E67: 4070 | F67: 2255 | G67: 3557 | H67: 1441 | I67: 524 | J67: 15699
A68: 45474 | B68: 4276 | C68: 1093 | D68: 1181 | E68: 4141 | F68: 2924 | G68: 3386 | H68: 2327 | I68: 872 | J68: 20200
A69: 45505 | B69: 2713 | C69: [c] | D69: 437 | E69: 1831 | F69: 2342 | G69: 3608 | H69: 2314 | I69: [c] | J69: 13700
B70: 3865 | C70: 211 | D70: 2694 | E70: 2333 | F70: 2840 | G70: 5259 | H70: 2693 | I70: 336 | J70: 20231
A71: 45566 | B71: 3270 | C71: 741 | D71: 719 | E71: 2202 | F71: 2547 | G71: 6138 | H71: 2930 | I71: 137 | J71: 18684
A72: 45597 | B72: 4456 | C72: 535 | D72: 459 | E72: 1794 | F72: 5884 | G72: 5820 | H72: 3197 | I72: 623 | J72: 22768
A73: 45627 | B73: 2497 | C73: 354 | D73: 435 | E73: 2127 | F73: 1091 | G73: 10104 | H73: 2207 | I73: 484 | J73: 19299
A74: 45658 | B74: 3594 | C74: 206 | D74: 1401 | E74: 3492 | F74: 4902 | G74: 4935 | H74: 3261 | I74: 573 | J74: 22364
A75: 45689 | B75: 3588 | C75: 275 | D75: 1759 | E75: 4400 | F75: 2456 | G75: 6062 | H75: 5867 | I75: 2331 | J75: 26738
A76: 45717 | B76: 5556 | C76: 1190 | D76: 900 | E76: 3646 | F76: 5353 | G76: 4811 | H76: 7053 | I76: 534 | J76: 29043
A77: 45748 | B77: 4096 | C77: 684 | D77: 565 | E77: 2171 | F77: 2690 | G77: 5259 | H77: 4395 | I77: 2907 | J77: 22767
A78: 45778 | B78: 2626 | C78: 508 | D78: 789 | E78: 2704 | F78: 2892 | G78: 6289 | H78: 6345 | I78: 542 | J78: 22695
A79: 45809 | B79: 3779 | C79: 597 | D79: 1200 | E79: 2835 | F79: 4238 | G79: 8713 | H79: 4173 | I79: 916 | J79: 26451
A80: 45839 | B80: 4274 | C80: 392 | D80: 1633 | E80: 3309 | F80: 4011 | G80: 5303 | H80: 2842 | I80: 1397 | J80: 23161
A81: 45870 | B81: 4110 | C81: 447 | D81: 240 | E81: 1747 | F81: 2382 | G81: 5472 | H81: 4752 | I81: 279 | J81: 19429
A82: 45901 | B82: 3260 | C82: 392 | D82: 759 | E82: 2606 | F82: 3342 | G82: 7177 | H82: 5902 | I82: 412 | J82: 23850
... A88: 46082 | B88: 4529 | C88: 509 | D88: 850 | E88: 3365 | F88: 4011 | G88: 6187 | H88: 6135 | I88: 305 | J88: 25891

Sheet 2b
B4: Manufacturing | C4: Energy and Water | D4: Construction | E4: Transport and Communication | F4: Distribution, Hotels and Restaurants | G4: Banking and Finance | H4: Public Admin, Education and Health | I4: Other Services | J4: GB
A5: 43556 | B5: 37 | C5: [c] | D5: 14 | E5: 32 | F5: [c] | G5: 63 | H5: 50 | I5: 9 | J5: 256
A6: 43586 | B6: 55 | C6: 8 | D6: 14 | E6: 31 | F6: 60 | G6: 86 | H6: 53 | I6: 8 | J6: 315
A7: 43617 | B7: 54 | C7: 3 | D7: 17 | E7: 24 | F7: 48 | G7: 89 | H7: 41 | I7: 9 | J7: 285
A8: 43647 | B8: 41 | C8: 4 | D8: 23 | E8: 32 | F8: 41 | G8: 57 | H8: 34 | I8: 10 | J8: 242
A9: 43678 | B9: 37 | C9: 5 | D9: 12 | E9: 16 | F9: 36 | G9: 48 | H9: 28 | I9: 4 | J9: 186
A10: 43709 | B10: 51 | C10: 7 | D10: 14 | E10: 32 | F10: 46 | G10: 46 | H10: 38 | I10: 10 | J10: 244
A11: 43739 | B11: 62 | C11: 16 | D11: 22 | E11: 30 | F11: 55 | G11: 58 | H11: 30 | I11: 14 | J11: 287
A12: 43770 | B12: 47 | C12: 4 | D12: 12 | E12: 35 | F12: 37 | G12: 79 | H12: 31 | I12: 9 | J12: 254
A13: 43800 | B13: 34 | C13: [c] | D13: 12 | E13: 14 | F13: 34 | G13: 44 | H13: 19 | I13: [c] | J13: 164
A14: 43831 | B14: 66 | C14: 3 | D14: 12 | E14: 36 | F14: 68 | G14: 72 | H14: 42 | I14: 11 | J14: 310
A15: 43862 | B15: 63 | C15: [c] | D15: 18 | E15: 45 | F15: 40 | G15: 72 | H15: 42 | I15: [c] | J15: 288
A16: 43891 | B16: 56 | C16: 6 | D16: 29 | E16: 54 | F16: 90 | G16: 92 | H16: 37 | I16: 18 | J16: 382
A17: 43922 | B17: 47 | C17: 19 | D17: 21 | E17: 49 | F17: 57 | G17: 89 | H17: 18 | I17: 16 | J17: 316
A18: 43952 | B18: 182 | C18: 16 | D18: 39 | E18: 99 | F18: 136 | G18: 147 | H18: 31 | I18: 50 | J18: 700
A19: 43983 | B19: 280 | C19: 22 | D19: 67 | E19: 124 | F19: 495 | G19: 299 | H19: 85 | I19: 102 | J19: 1474
A20: 44013 | B20: 214 | C20: 13 | D20: 53 | E20: 131 | F20: 366 | G20: 304 | H20: 63 | I20: 106 | J20: 1250
A21: 44044 | B21: 97 | C21: 11 | D21: 31 | E21: 67 | F21: 212 | G21: 184 | H21: 49 | I21: 79 | J21: 730
A22: 44075 | B22: 110 | C22: 6 | D22: 18 | E22: 58 | F22: 214 | G22: 167 | H22: 54 | I22: 55 | J22: 682
A23: 44105 | B23: 86 | C23: 13 | D23: 18 | E23: 86 | F23: 164 | G23: 184 | H23: 39 | I23: 65 | J23: 655
A24: 44136 | B24: 51 | C24: 7 | D24: 16 | E24: 41 | F24: 89 | G24: 92 | H24: 40 | I24: 14 | J24: 350
A25: 44166 | B25: 24 | C25: 5 | D25: 8 | E25: 22 | F25: 71 | G25: 43 | H25: 24 | I25: 6 | J25: 203
A26: 44197 | B26: 35 | C26: 6 | D26: 8 | E26: 28 | F26: 50 | G26: 70 | H26: 37 | I26: 8 | J26: 242
A27: 44228 | B27: 47 | C27: 9 | D27: 10 | E27: 37 | F27: 41 | G27: 76 | H27: 35 | I27: 7 | J27: 262
... A30: 44317 | B30: 41 | C30: 6 | D30: 8 | E30: 16 | F30: 33 | G30: 57 | H30: 40 | I30: 6 | J30: 207
A31: 44348 | B31: 21 | C31: [c] | D31: 9 | E31: 23 | F31: 21 | G31: 26 | H31: 40 | I31: [c] | J31: 150
A32: 44378 | B32: 22 | C32: 4 | D32: 6 | E32: 15 | F32: 22 | G32: 49 | H32: 28 | I32: 4 | J32: 150
A33: 44409 | B33: 22 | C33: 7 | D33: 6 | E33: 14 | F33: 33 | G33: 37 | H33: 35 | I33: 7 | J33: 161
A34: 44440 | B34: 25 | C34: 10 | D34: 9 | E34: 12 | F34: 38 | G34: 38 | H34: 23 | I34: 4 | J34: 159
A35: 44470 | B35: 30 | C35: 7 | D35: 5 | E35: 28 | F35: 24 | G35: 29 | H35: 23 | I35: 6 | J35: 152
A36: 44501 | B36: 15 | C36: [c] | D36: 6 | E36: 11 | F36: 23 | G36: 54 | H36: 20 | I36: [c] | J36: 136
A37: 44531 | B37: 13 | C37: [c] | D37: 9 | E37: 6 | F37: 8 | G37: 24 | H37: 16 | I37: [c] | J37: 80
A38: 44562 | B38: 21 | C38: [c] | D38: [c] | E38: 17 | F38: 35 | G38: 31 | H38: 21 | I38: 7 | J38: 140
A39: 44593 | B39: 27 | C39: [c] | D39: 13 | E39: 27 | F39: 27 | G39: 57 | H39: 40 | I39: [c] | J39: 201
A40: 44621 | B40: 39 | C40: 4 | D40: 10 | E40: 22 | F40: 44 | G40: 66 | H40: 29 | I40: 9 | J40: 223
A41: 44652 | B41: 32 | C41: 3 | D41: 12 | E41: 15 | F41: 35 | G41: 46 | H41: 19 | I41: 9 | J41: 171
A42: 44682 | B42: 37 | C42: 3 | D42: 14 | E42: 25 | F42: 51 | G42: 42 | H42: 28 | I42: 5 | J42: 205
A43: 44713 | B43: 28 | C43: [c] | D43: 5 | E43: 14 | F43: 33 | G43: 42 | H43: 40 | I43: [c] | J43: 167
A44: 44743 | B44: 34 | C44: [c] | D44: 17 | E44: 27 | F44: 28 | G44: 38 | H44: 27 | I44: [c] | J44: 178
A45: 44774 | B45: 42 | C45: [c] | D45: 19 | E45: 26 | F45: 35 | G45: 52 | H45: 21 | I45: [c] | J45: 205
A46: 44805 | B46: 45 | C46: [c] | D46: [c] | E46: 33 | F46: 32 | G46: 46 | H46: 30 | I46: 10 | J46: 207
A47: 44835 | B47: 45 | C47: 4 | D47: 10 | E47: 31 | F47: 39 | G47: 65 | H47: 22 | I47: 13 | J47: 229
A48: 44866 | B48: 57 | C48: 7 | D48: 16 | E48: 48 | F48: 31 | G48: 45 | H48: 37 | I48: 9 | J48: 250
A49: 44896 | B49: 19 | C49: [c] | D49: 6 | E49: 33 | F49: 37 | G49: 46 | H49: 26 | I49: [c] | J49: 173
A50: 44927 | B50: 60 | C50: [c] | D50: 16 | E50: 42 | F50: 68 | G50: 70 | H50: 35 | I50: [c] | J50: 302
A51: 44958 | B51: 54 | C51: 3 | D51: 23 | E51: 59 | F51: 49 | G51: 70 | H51: 43 | I51: 9 | J51: 310
A52: 44986 | B52: 56 | C52: 5 | D52: 16 | E52: 53 | F52: 69 | G52: 92 | H52: 39 | I52: 10 | J52: 340
A53: 45017 | B53: 51 | C53: 6 | D53: 17 | E53: 42 | F53: 49 | G53: 71 | H53: 35 | I53: 7 | J53: 278
A54: 45047 | B54: 53 | C54: 3 | D54: 11 | E54: 39 | F54: 49 | G54: 73 | H54: 36 | I54: 5 | J54: 269
A55: 45078 | B55: 49 | C55: 4 | D55: 15 | E55: 54 | F55: 31 | G55: 74 | H55: 50 | I55: 12 | J55: 289
A56: 45108 | B56: 42 | C56: [c] | D56: 20 | E56: 47 | F56: 48 | G56: 50 | H56: 42 | I56: [c] | J56: 260
A57: 45139 | B57: 39 | C57: 4 | D57: 12 | E57: 46 | F57: 32 | G57: 64 | H57: 38 | I57: 8 | J57: 243
A58: 45170 | B58: 43 | C58: [c] | D58: 7 | E58: 36 | F58: 52 | G58: 105 | H58: 38 | I58: [c] | J58: 288
A59: 45200 | B59: 48 | C59: 3 | D59: 21 | E59: 63 | F59: 36 | G59: 94 | H59: 29 | I59: 10 | J59: 304
A60: 45231 | B60: 65 | C60: [c] | D60: 16 | E60: 57 | F60: 52 | G60: 98 | H60: 39 | I60: [c] | J60: 340
A61: 45261 | B61: 39 | C61: [c] | D61: 9 | E61: 23 | F61: 33 | G61: 50 | H61: 28 | I61: [c] | J61: 190
A62: 45292 | B62: 51 | C62: 5 | D62: 20 | E62: 52 | F62: 85 | G62: 74 | H62: 49 | I62: 12 | J62: 348
A63: 45323 | B63: 50 | C63: 6 | D63: 18 | E63: 71 | F63: 56 | G63: 105 | H63: 54 | I63: 5 | J63: 365
A64: 45352 | B64: 53 | C64: [c] | D64: 13 | E64: 55 | F64: 85 | G64: 75 | H64: 50 | I64: [c] | J64: 344
A65: 45383 | B65: 48 | C65: 5 | D65: 12 | E65: 44 | F65: 45 | G65: 76 | H65: 42 | I65: 6 | J65: 278
A66: 45413 | B66: 49 | C66: 4 | D66: 17 | E66: 41 | F66: 71 | G66: 98 | H66: 59 | I66: 10 | J66: 349
A67: 45444 | B67: 36 | C67: 4 | D67: 17 | E67: 53 | F67: 36 | G67: 62 | H67: 24 | I67: 5 | J67: 237
A68: 45474 | B68: 52 | C68: 11 | D68: 19 | E68: 62 | F68: 51 | G68: 67 | H68: 42 | I68: 11 | J68: 315
A69: 45505 | B69: 42 | C69: [c] | D69: 12 | E69: 29 | F69: 45 | G69: 64 | H69: 38 | I69: [c] | J69: 240
B70: 43 | C70: 3 | D70: 15 | E70: 42 | F70: 43 | G70: 85 | H70: 34 | I70: 8 | J70: 273
A71: 45566 | B71: 60 | C71: 7 | D71: 18 | E71: 43 | F71: 46 | G71: 97 | H71: 39 | I71: 4 | J71: 314
A72: 45597 | B72: 51 | C72: 5 | D72: 9 | E72: 38 | F72: 37 | G72: 68 | H72: 39 | I72: 14 | J72: 261
A73: 45627 | B73: 44 | C73: 6 | D73: 7 | E73: 29 | F73: 28 | G73: 57 | H73: 33 | I73: 11 | J73: 215
A74: 45658 | B74: 56 | C74: 4 | D74: 15 | E74: 55 | F74: 69 | G74: 79 | H74: 57 | I74: 13 | J74: 348
A75: 45689 | B75: 58 | C75: 6 | D75: 25 | E75: 69 | F75: 49 | G75: 91 | H75: 52 | I75: 15 | J75: 365
A76: 45717 | B76: 59 | C76: 16 | D76: 21 | E76: 51 | F76: 69 | G76: 99 | H76: 68 | I76: 12 | J76: 395
A77: 45748 | B77: 56 | C77: 11 | D77: 11 | E77: 41 | F77: 48 | G77: 75 | H77: 59 | I77: 19 | J77: 320
A78: 45778 | B78: 49 | C78: 8 | D78: 12 | E78: 48 | F78: 45 | G78: 95 | H78: 65 | I78: 10 | J78: 332
A79: 45809 | B79: 60 | C79: 9 | D79: 14 | E79: 43 | F79: 50 | G79: 91 | H79: 58 | I79: 12 | J79: 337
A80: 45839 | B80: 44 | C80: 6 | D80: 13 | E80: 54 | F80: 67 | G80: 91 | H80: 45 | I80: 24 | J80: 344
A81: 45870 | B81: 42 | C81: 5 | D81: 6 | E81: 32 | F81: 37 | G81: 73 | H81: 39 | I81: 8 | J81: 242
A82: 45901 | B82: 45 | C82: 4 | D82: 17 | E82: 47 | F82: 47 | G82: 112 | H82: 33 | I82: 7 | J82: 312
... A88: 46082 | B88: 66 | C88: 10 | D88: 18 | E88: 67 | F88: 63 | G88: 120 | H88: 84 | I88: 6 | J88: 434

Sheet Labour market flows >>>
A1: Labour market flows >>>

Sheet LFS Labour market flows SA
A1: X02: Total job to job moves12 by skill level3, people aged 16-69 (designated as official statistics in development)
A2: Calendar quarters from Oct-Dec 2001 to Oct-Dec 2022
A4: United Kingdom, not seasonally adjusted
E5: Thousands
B6: All moves12 | C6: Moves from high skilled jobs | D6: Moves from medium skilled jobs | E6: Moves from low skilled jobs
A7: Oct-Dec 2001 | B7: 940588.06 | C7: 274673.86 | D7: 285539.93 | E7: 375512.36
A8: Jan-Mar 2002 | B8: 709158.92 | C8: 194335.84 | D8: 238476.36 | E8: 272103.38
A9: Apr-Jun 2002 | B9: 737276.45 | C9: 200301.37 | D9: 240446.34 | E9: 292419.77
A10: Jul-Sep 2002 | B10: 793098.29 | C10: 192619.12 | D10: 253114.66 | E10: 345453.88
A11: Oct-Dec 2002 | B11: 872448.59 | C11: 254937.04 | D11: 258729.72 | E11: 353741.08
A12: Jan-Mar 2003 | B12: 683088.41 | C12: 177850.63 | D12: 228683.07 | E12: 275155.8
A13: Apr-Jun 2003 | B13: 718055.12 | C13: 203901.88 | D13: 212910.04 | E13: 296007.68
A14: Jul-Sep 2003 | B14: 823849.91 | C14: 221439.33 | D14: 239355.27 | E14: 358922.63
A15: Oct-Dec 2003 | B15: 880281.85 | C15: 245824.19 | D15: 253422.83 | E15: 377254.34
A16: Jan-Mar 2004 | B16: 685115.14 | C16: 190305.13 | D16: 216879.43 | E16: 276298.04
A17: Apr-Jun 2004 | B17: 752123.24 | C17: 225540.64 | D17: 249958.34 | E17: 273478.85
A18: Jul-Sep 2004 | B18: 842574.08 | C18: 251518.61 | D18: 239230.7 | E18: 348347.73
... A83: Oct-Dec 2020 | B83: 772315 | C83: 345642 | D83: 180328 | E83: 244003
A84: Jan-Mar 2021 | B84: 651304 | C84: .. | D84: .. | E84: ..
A85: Apr-Jun 2021 | B85: 754900 | C85: .. | D85: .. | E85: ..
A86: Jul-Sep 2021 | B86: 1025638 | C86: 401027 | D86: 262273 | E86: 357917
A87: Oct-Dec 2021 | B87: 1139778 | C87: 480494 | D87: 284246 | E87: 372327
A88: Jan-Mar 2022 | B88: 882810 | C88: 398159 | D88: 195998 | E88: 284964
A89: Apr-Jun 2022 | B89: 889502 | C89: 428519 | D89: 237710 | E89: 223273
A90: Jul-Sep 2022 | B90: 1001189 | C90: 484550 | D90: 223224 | E90: 293415
A91: Oct-Dec 2022 | B91: 1022451 | C91: 431191 | D91: 280209 | E91: 311051
E92: Source: Labour Force Survey
A94: 1 Job to job flows refer to those who were employed in both quarters, but who in the latter quarter reported being with their current employer for less than three months, indicating a change of job between the quarters
A95: 2 Includes people with workplace outside UK and those who did not state their occupation.
A96: 3 Skill level is derived from the Standard Occupational Classification (SOC). Major groups 1 to 3 are classified as high skill, major groups 4 to 6 are classified as medium skill, major groups 7 to 9 are classified as low skill.
A97: 4 Standard Occupational Classification changed from SOC 2000 to SOC 2010; probabilistic mapping used to map SOC 2000 to SOC 2010 for estimates prior to Jan-Mar 2011.
A98: 5 These series were revised from Apr-Jun 2012 to reflect changes to the weighting methodology, resulting in a discontinuity. Further information is available here.
A99: 6 From Jan-Mar 2021 data are coded on a SOC 2020 basis. Estimates which account for the change in SOC between quarters are not yet available. Estimates from Apr-Jun 2021 have been mapped to an equivalent SOC 2010 basis, resulting in some inconsistencies with previous estimates.
A100: 7 Data from Jan-Mar 2019 are weighted to the same population totals as the quarterly Labour Force Survey estimates, resulting in a discontinuity in these series.
A102: Note: When comparing not seasonally adjusted data over time it is best practice to compare the same 3-month period for different years (eg, compare Apr-Jun 2010 with Apr-Jun 2018 but do not compare Jan-Mar 2010 with Apr-Jun 2018).
A104: Note: Estimates based on SOC2010 will no longer be updated following the publication of October to December 2022 estimates
A106: Quality indicator
A107: Shaded estimates are based on a small sample size. This may result in less precise estimates, which should be used with caution.
A108: Unshaded estimates are based on a larger sample size. This is likely to result in estimates of higher precision, although they will still be subject to some sampling variability.
A109: .. Estimate has been suppressed on disclosure grounds.

Sheet RTI. Employee flows (UK)
B4: Payrolled employees
B5: Early estimates for inflows and outflows have historically been revised downwards in the following month, by broadly equal proportions
B7: Inflows | C7: Outflows | D7: Change in payrolled employees
A8: 42736 | B8: 666313 | C8: 657309 | D8: 9004
A9: 42767 | B9: 683073 | C9: 643005 | D9: 40068
A10: 42795 | B10: 684588 | C10: 643223 | D10: 41365
A11: 42826 | B11: 675080 | C11: 643903 | D11: 31177
A12: 42856 | B12: 686638 | C12: 646476 | D12: 40162
A13: 42887 | B13: 676468 | C13: 642306 | D13: 34162
A14: 42917 | B14: 675799 | C14: 655120 | D14: 20679
A15: 42948 | B15: 680330 | C15: 644595 | D15: 35735
A16: 42979 | B16: 678918 | C16: 641444 | D16: 37474
A17: 43009 | B17: 680014 | C17: 648194 | D17: 31820
A18: 43040 | B18: 675083 | C18: 643008 | D18: 32075
A19: 43070 | B19: 668336 | C19: 639718 | D19: 28618
... A117: 46054 | B117: 590358 | C117: 596017 | D117: -5659

Sheet International Comparisons >>>
A1: International Comparisons >>>

Sheet Final Table
A1: OECD international comparison — infra-annual labour statistics
D3: Time period | E3: Unemployment rate (15+, %) | F3: Employment rate (15-64, %) | G3: Inactivity rate (15-64, %)
